price,year,month,market_Arusha (urban),market_Babati,market_Bukoba,market_Dar es Salaam - Ilala,market_Dar es Salaam - Kinondoni,market_Dodoma (Kibaigwa),market_Dodoma (Majengo),market_Morogoro,market_Mpanda,market_Mtwara DC,market_Musoma,market_Tabora,market_Tanga / Mgandini
38464.29,2006,1,1,0,0,0,0,0,0,0,0,0,0,0,0
34833.33,2006,2,1,0,0,0,0,0,0,0,0,0,0,0,0
31000.0,2006,3,1,0,0,0,0,0,0,0,0,0,0,0,0
20545.45,2006,4,1,0,0,0,0,0,0,0,0,0,0,0,0
18461.54,2006,5,1,0,0,0,0,0,0,0,0,0,0,0,0
18166.67,2006,6,1,0,0,0,0,0,0,0,0,0,0,0,0
18333.33,2006,7,1,0,0,0,0,0,0,0,0,0,0,0,0
17000.0,2006,8,1,0,0,0,0,0,0,0,0,0,0,0,0
15000.0,2006,9,1,0,0,0,0,0,0,0,0,0,0,0,0
15700.0,2006,10,1,0,0,0,0,0,0,0,0,0,0,0,0
16200.0,2006,11,1,0,0,0,0,0,0,0,0,0,0,0,0
17580.0,2006,12,1,0,0,0,0,0,0,0,0,0,0,0,0
20100.0,2007,1,1,0,0,0,0,0,0,0,0,0,0,0,0
21400.0,2007,2,1,0,0,0,0,0,0,0,0,0,0,0,0
19600.0,2007,3,1,0,0,0,0,0,0,0,0,0,0,0,0
17500.0,2007,4,1,0,0,0,0,0,0,0,0,0,0,0,0
17100.0,2007,5,1,0,0,0,0,0,0,0,0,0,0,0,0
27978.0,2007,6,1,0,0,0,0,0,0,0,0,0,0,0,0
13800.0,2007,7,1,0,0,0,0,0,0,0,0,0,0,0,0
15300.0,2007,8,1,0,0,0,0,0,0,0,0,0,0,0,0
17300.0,2007,9,1,0,0,0,0,0,0,0,0,0,0,0,0
17800.0,2007,10,1,0,0,0,0,0,0,0,0,0,0,0,0
20400.0,2007,11,1,0,0,0,0,0,0,0,0,0,0,0,0
24500.0,2007,12,1,0,0,0,0,0,0,0,0,0,0,0,0
32400.0,2008,1,1,0,0,0,0,0,0,0,0,0,0,0,0
35600.0,2008,2,1,0,0,0,0,0,0,0,0,0,0,0,0
29600.0,2008,3,1,0,0,0,0,0,0,0,0,0,0,0,0
31400.0,2008,4,1,0,0,0,0,0,0,0,0,0,0,0,0
29500.0,2008,5,1,0,0,0,0,0,0,0,0,0,0,0,0
33500.0,2008,6,1,0,0,0,0,0,0,0,0,0,0,0,0
30545.45,2008,7,1,0,0,0,0,0,0,0,0,0,0,0,0
30000.0,2008,8,1,0,0,0,0,0,0,0,0,0,0,0,0
30000.0,2008,9,1,0,0,0,0,0,0,0,0,0,0,0,0
25000.0,2008,10,1,0,0,0,0,0,0,0,0,0,0,0,0
34091.0,2008,11,1,0,0,0,0,0,0,0,0,0,0,0,0
39000.0,2008,12,1,0,0,0,0,0,0,0,0,0,0,0,0
39000.0,2009,1,1,0,0,0,0,0,0,0,0,0,0,0,0
45000.0,2009,2,1,0,0,0,0,0,0,0,0,0,0,0,0
45000.0,2009,3,1,0,0,0,0,0,0,0,0,0,0,0,0
41000.0,2009,4,1,0,0,0,0,0,0,0,0,0,0,0,0
42357.14,2009,5,1,0,0,0,0,0,0,0,0,0,0,0,0
39000.0,2009,6,1,0,0,0,0,0,0,0,0,0,0,0,0
39000.0,2009,7,1,0,0,0,0,0,0,0,0,0,0,0,0
38000.0,2009,8,1,0,0,0,0,0,0,0,0,0,0,0,0
38000.0,2009,9,1,0,0,0,0,0,0,0,0,0,0,0,0
40000.0,2009,10,1,0,0,0,0,0,0,0,0,0,0,0,0
42000.0,2009,11,1,0,0,0,0,0,0,0,0,0,0,0,0
44000.0,2009,12,1,0,0,0,0,0,0,0,0,0,0,0,0
43000.0,2010,1,1,0,0,0,0,0,0,0,0,0,0,0,0
45000.0,2010,2,1,0,0,0,0,0,0,0,0,0,0,0,0
38000.0,2010,3,1,0,0,0,0,0,0,0,0,0,0,0,0
33000.0,2010,4,1,0,0,0,0,0,0,0,0,0,0,0,0
34000.0,2010,5,1,0,0,0,0,0,0,0,0,0,0,0,0
25000.0,2010,6,1,0,0,0,0,0,0,0,0,0,0,0,0
26000.0,2010,7,1,0,0,0,0,0,0,0,0,0,0,0,0
25000.0,2010,8,1,0,0,0,0,0,0,0,0,0,0,0,0
26625.0,2010,9,1,0,0,0,0,0,0,0,0,0,0,0,0
26769.0,2010,10,1,0,0,0,0,0,0,0,0,0,0,0,0
29200.0,2010,11,1,0,0,0,0,0,0,0,0,0,0,0,0
30857.0,2010,12,1,0,0,0,0,0,0,0,0,0,0,0,0
31083.0,2011,1,1,0,0,0,0,0,0,0,0,0,0,0,0
29178.0,2011,2,1,0,0,0,0,0,0,0,0,0,0,0,0
36566.6,2011,3,1,0,0,0,0,0,0,0,0,0,0,0,0
40000.0,2011,4,1,0,0,0,0,0,0,0,0,0,0,0,0
43000.0,2011,5,1,0,0,0,0,0,0,0,0,0,0,0,0
50500.0,2011,6,1,0,0,0,0,0,0,0,0,0,0,0,0
49636.0,2011,7,1,0,0,0,0,0,0,0,0,0,0,0,0
43778.0,2011,8,1,0,0,0,0,0,0,0,0,0,0,0,0
43167.0,2011,9,1,0,0,0,0,0,0,0,0,0,0,0,0
40250.0,2011,10,1,0,0,0,0,0,0,0,0,0,0,0,0
39846.0,2011,11,1,0,0,0,0,0,0,0,0,0,0,0,0
42000.0,2011,12,1,0,0,0,0,0,0,0,0,0,0,0,0
44500.0,2012,1,1,0,0,0,0,0,0,0,0,0,0,0,0
41654.0,2012,2,1,0,0,0,0,0,0,0,0,0,0,0,0
45278.0,2012,3,1,0,0,0,0,0,0,0,0,0,0,0,0
51727.0,2012,4,1,0,0,0,0,0,0,0,0,0,0,0,0
58885.0,2012,5,1,0,0,0,0,0,0,0,0,0,0,0,0
51000.0,2012,6,1,0,0,0,0,0,0,0,0,0,0,0,0
54000.0,2012,7,1,0,0,0,0,0,0,0,0,0,0,0,0
53350.0,2012,8,1,0,0,0,0,0,0,0,0,0,0,0,0
54000.0,2012,9,1,0,0,0,0,0,0,0,0,0,0,0,0
56700.0,2012,10,1,0,0,0,0,0,0,0,0,0,0,0,0
61833.0,2012,11,1,0,0,0,0,0,0,0,0,0,0,0,0
67944.44,2012,12,1,0,0,0,0,0,0,0,0,0,0,0,0
70050.0,2013,1,1,0,0,0,0,0,0,0,0,0,0,0,0
71409.09,2013,2,1,0,0,0,0,0,0,0,0,0,0,0,0
69750.0,2013,3,1,0,0,0,0,0,0,0,0,0,0,0,0
67916.75,2013,4,1,0,0,0,0,0,0,0,0,0,0,0,0
56333.4,2013,5,1,0,0,0,0,0,0,0,0,0,0,0,0
47194.33,2013,6,1,0,0,0,0,0,0,0,0,0,0,0,0
49750.25,2013,7,1,0,0,0,0,0,0,0,0,0,0,0,0
51222.17,2013,8,1,0,0,0,0,0,0,0,0,0,0,0,0
50791.75,2013,9,1,0,0,0,0,0,0,0,0,0,0,0,0
52021.0,2013,10,1,0,0,0,0,0,0,0,0,0,0,0,0
50916.75,2013,11,1,0,0,0,0,0,0,0,0,0,0,0,0
51937.5,2013,12,1,0,0,0,0,0,0,0,0,0,0,0,0
50208.25,2014,1,1,0,0,0,0,0,0,0,0,0,0,0,0
50250.0,2014,2,1,0,0,0,0,0,0,0,0,0,0,0,0
49750.0,2014,3,1,0,0,0,0,0,0,0,0,0,0,0,0
50400.0,2014,4,1,0,0,0,0,0,0,0,0,0,0,0,0
53653.85,2014,5,1,0,0,0,0,0,0,0,0,0,0,0,0
49166.75,2014,6,1,0,0,0,0,0,0,0,0,0,0,0,0
45227.0,2014,7,1,0,0,0,0,0,0,0,0,0,0,0,0
40458.0,2014,8,1,0,0,0,0,0,0,0,0,0,0,0,0
38577.0,2014,9,1,0,0,0,0,0,0,0,0,0,0,0,0
36250.0,2014,11,1,0,0,0,0,0,0,0,0,0,0,0,0
35712.0,2014,12,1,0,0,0,0,0,0,0,0,0,0,0,0
36521.0,2015,1,1,0,0,0,0,0,0,0,0,0,0,0,0
35500.0,2015,2,1,0,0,0,0,0,0,0,0,0,0,0,0
40167.0,2015,3,1,0,0,0,0,0,0,0,0,0,0,0,0
52909.0,2015,4,1,0,0,0,0,0,0,0,0,0,0,0,0
52563.0,2015,5,1,0,0,0,0,0,0,0,0,0,0,0,0
55083.0,2015,6,1,0,0,0,0,0,0,0,0,0,0,0,0
58964.0,2015,7,1,0,0,0,0,0,0,0,0,0,0,0,0
71455.0,2015,8,1,0,0,0,0,0,0,0,0,0,0,0,0
67402.0,2015,9,1,0,0,0,0,0,0,0,0,0,0,0,0
60883.0,2015,10,1,0,0,0,0,0,0,0,0,0,0,0,0
66731.0,2015,11,1,0,0,0,0,0,0,0,0,0,0,0,0
69600.0,2015,12,1,0,0,0,0,0,0,0,0,0,0,0,0
70515.0,2016,1,1,0,0,0,0,0,0,0,0,0,0,0,0
66277.78,2016,2,1,0,0,0,0,0,0,0,0,0,0,0,0
59908.0,2016,3,1,0,0,0,0,0,0,0,0,0,0,0,0
54612.0,2016,4,1,0,0,0,0,0,0,0,0,0,0,0,0
47955.0,2016,5,1,0,0,0,0,0,0,0,0,0,0,0,0
50972.0,2016,6,1,0,0,0,0,0,0,0,0,0,0,0,0
52188.0,2016,7,1,0,0,0,0,0,0,0,0,0,0,0,0
49625.0,2016,8,1,0,0,0,0,0,0,0,0,0,0,0,0
51514.0,2016,9,1,0,0,0,0,0,0,0,0,0,0,0,0
59674.0,2016,10,1,0,0,0,0,0,0,0,0,0,0,0,0
67389.0,2016,11,1,0,0,0,0,0,0,0,0,0,0,0,0
77381.0,2016,12,1,0,0,0,0,0,0,0,0,0,0,0,0
97833.33,2017,1,1,0,0,0,0,0,0,0,0,0,0,0,0
96833.33,2017,2,1,0,0,0,0,0,0,0,0,0,0,0,0
99136.36,2017,3,1,0,0,0,0,0,0,0,0,0,0,0,0
99927.775,2017,4,1,0,0,0,0,0,0,0,0,0,0,0,0
94111.11,2017,5,1,0,0,0,0,0,0,0,0,0,0,0,0
89125.0,2017,6,1,0,0,0,0,0,0,0,0,0,0,0,0
62500.0,2017,7,1,0,0,0,0,0,0,0,0,0,0,0,0
53556.0,2017,8,1,0,0,0,0,0,0,0,0,0,0,0,0
54100.0,2017,9,1,0,0,0,0,0,0,0,0,0,0,0,0
53714.29,2017,10,1,0,0,0,0,0,0,0,0,0,0,0,0
51416.67,2017,11,1,0,0,0,0,0,0,0,0,0,0,0,0
52625.0,2017,12,1,0,0,0,0,0,0,0,0,0,0,0,0
51750.0,2018,1,1,0,0,0,0,0,0,0,0,0,0,0,0
48416.67,2018,2,1,0,0,0,0,0,0,0,0,0,0,0,0
47833.33,2018,3,1,0,0,0,0,0,0,0,0,0,0,0,0
46333.33,2018,4,1,0,0,0,0,0,0,0,0,0,0,0,0
46500.0,2018,5,1,0,0,0,0,0,0,0,0,0,0,0,0
44300.0,2018,6,1,0,0,0,0,0,0,0,0,0,0,0,0
43833.33,2018,7,1,0,0,0,0,0,0,0,0,0,0,0,0
37250.0,2018,8,1,0,0,0,0,0,0,0,0,0,0,0,0
35181.82,2018,9,1,0,0,0,0,0,0,0,0,0,0,0,0
34277.78,2018,10,1,0,0,0,0,0,0,0,0,0,0,0,0
41113.64,2018,11,1,0,0,0,0,0,0,0,0,0,0,0,0
42666.67,2018,12,1,0,0,0,0,0,0,0,0,0,0,0,0
43275.0,2019,1,1,0,0,0,0,0,0,0,0,0,0,0,0
43111.11,2019,2,1,0,0,0,0,0,0,0,0,0,0,0,0
43818.18,2019,3,1,0,0,0,0,0,0,0,0,0,0,0,0
65333.33,2019,4,1,0,0,0,0,0,0,0,0,0,0,0,0
62500.0,2019,5,1,0,0,0,0,0,0,0,0,0,0,0,0
64888.89,2019,6,1,0,0,0,0,0,0,0,0,0,0,0,0
69666.67,2019,7,1,0,0,0,0,0,0,0,0,0,0,0,0
72136.36,2019,8,1,0,0,0,0,0,0,0,0,0,0,0,0
77431.82,2019,9,1,0,0,0,0,0,0,0,0,0,0,0,0
83590.91,2019,10,1,0,0,0,0,0,0,0,0,0,0,0,0
85826.92,2019,11,1,0,0,0,0,0,0,0,0,0,0,0,0
84818.18,2019,12,1,0,0,0,0,0,0,0,0,0,0,0,0
92500.0,2020,1,1,0,0,0,0,0,0,0,0,0,0,0,0
82083.33,2020,2,1,0,0,0,0,0,0,0,0,0,0,0,0
59769.23,2020,3,1,0,0,0,0,0,0,0,0,0,0,0,0
60900.0,2020,4,1,0,0,0,0,0,0,0,0,0,0,0,0
55929.0,2020,5,1,0,0,0,0,0,0,0,0,0,0,0,0
57444.0,2020,6,1,0,0,0,0,0,0,0,0,0,0,0,0
58688.0,2020,7,1,0,0,0,0,0,0,0,0,0,0,0,0
53417.0,2020,8,1,0,0,0,0,0,0,0,0,0,0,0,0
53182.0,2020,9,1,0,0,0,0,0,0,0,0,0,0,0,0
51500.0,2020,10,1,0,0,0,0,0,0,0,0,0,0,0,0
54792.0,2020,11,1,0,0,0,0,0,0,0,0,0,0,0,0
52444.0,2020,12,1,0,0,0,0,0,0,0,0,0,0,0,0
53750.0,2021,1,1,0,0,0,0,0,0,0,0,0,0,0,0
52750.0,2021,2,1,0,0,0,0,0,0,0,0,0,0,0,0
46333.0,2021,3,1,0,0,0,0,0,0,0,0,0,0,0,0
43438.0,2021,4,1,0,0,0,0,0,0,0,0,0,0,0,0
45750.0,2021,5,1,0,0,0,0,0,0,0,0,0,0,0,0
45545.0,2021,6,1,0,0,0,0,0,0,0,0,0,0,0,0
47818.0,2021,7,1,0,0,0,0,0,0,0,0,0,0,0,0
46692.0,2021,8,1,0,0,0,0,0,0,0,0,0,0,0,0
47269.0,2021,9,1,0,0,0,0,0,0,0,0,0,0,0,0
49583.0,2021,10,1,0,0,0,0,0,0,0,0,0,0,0,0
49042.0,2021,11,1,0,0,0,0,0,0,0,0,0,0,0,0
60167.0,2021,12,1,0,0,0,0,0,0,0,0,0,0,0,0
63917.0,2022,1,1,0,0,0,0,0,0,0,0,0,0,0,0
61000.0,2022,2,1,0,0,0,0,0,0,0,0,0,0,0,0
59417.0,2022,3,1,0,0,0,0,0,0,0,0,0,0,0,0
72050.0,2022,4,1,0,0,0,0,0,0,0,0,0,0,0,0
80056.0,2022,5,1,0,0,0,0,0,0,0,0,0,0,0,0
94154.0,2022,6,1,0,0,0,0,0,0,0,0,0,0,0,0
97208.0,2022,7,1,0,0,0,0,0,0,0,0,0,0,0,0
95042.0,2022,8,1,0,0,0,0,0,0,0,0,0,0,0,0
99731.0,2022,9,1,0,0,0,0,0,0,0,0,0,0,0,0
98417.0,2022,10,1,0,0,0,0,0,0,0,0,0,0,0,0
96500.0,2022,11,1,0,0,0,0,0,0,0,0,0,0,0,0
99927.775,2022,12,1,0,0,0,0,0,0,0,0,0,0,0,0
99927.775,2023,1,1,0,0,0,0,0,0,0,0,0,0,0,0
99927.775,2023,2,1,0,0,0,0,0,0,0,0,0,0,0,0
99927.775,2023,3,1,0,0,0,0,0,0,0,0,0,0,0,0
99927.775,2023,4,1,0,0,0,0,0,0,0,0,0,0,0,0
99927.775,2023,5,1,0,0,0,0,0,0,0,0,0,0,0,0
38742.86,2006,1,0,0,0,1,0,0,0,0,0,0,0,0,0
31375.0,2006,2,0,0,0,1,0,0,0,0,0,0,0,0,0
29375.0,2006,3,0,0,0,1,0,0,0,0,0,0,0,0,0
27727.27,2006,4,0,0,0,1,0,0,0,0,0,0,0,0,0
24846.15,2006,5,0,0,0,1,0,0,0,0,0,0,0,0,0
17750.0,2006,6,0,0,0,1,0,0,0,0,0,0,0,0,0
18750.0,2006,7,0,0,0,1,0,0,0,0,0,0,0,0,0
16000.0,2006,8,0,0,0,1,0,0,0,0,0,0,0,0,0
14785.71,2006,9,0,0,0,1,0,0,0,0,0,0,0,0,0
14800.0,2006,10,0,0,0,1,0,0,0,0,0,0,0,0,0
15000.0,2006,11,0,0,0,1,0,0,0,0,0,0,0,0,0
15200.0,2006,12,0,0,0,1,0,0,0,0,0,0,0,0,0
16300.0,2007,1,0,0,0,1,0,0,0,0,0,0,0,0,0
16100.0,2007,2,0,0,0,1,0,0,0,0,0,0,0,0,0
15000.0,2007,3,0,0,0,1,0,0,0,0,0,0,0,0,0
13600.0,2007,4,0,0,0,1,0,0,0,0,0,0,0,0,0
12900.0,2007,5,0,0,0,1,0,0,0,0,0,0,0,0,0
12600.0,2007,6,0,0,0,1,0,0,0,0,0,0,0,0,0
12700.0,2007,7,0,0,0,1,0,0,0,0,0,0,0,0,0
13400.0,2007,8,0,0,0,1,0,0,0,0,0,0,0,0,0
18200.0,2007,9,0,0,0,1,0,0,0,0,0,0,0,0,0
20800.0,2007,10,0,0,0,1,0,0,0,0,0,0,0,0,0
23200.0,2007,11,0,0,0,1,0,0,0,0,0,0,0,0,0
25300.0,2007,12,0,0,0,1,0,0,0,0,0,0,0,0,0
36100.0,2008,1,0,0,0,1,0,0,0,0,0,0,0,0,0
42300.0,2008,2,0,0,0,1,0,0,0,0,0,0,0,0,0
35200.0,2008,3,0,0,0,1,0,0,0,0,0,0,0,0,0
33500.0,2008,4,0,0,0,1,0,0,0,0,0,0,0,0,0
30200.0,2008,5,0,0,0,1,0,0,0,0,0,0,0,0,0
33229.0,2008,6,0,0,0,1,0,0,0,0,0,0,0,0,0
30754.55,2008,7,0,0,0,1,0,0,0,0,0,0,0,0,0
29000.0,2008,8,0,0,0,1,0,0,0,0,0,0,0,0,0
28883.0,2008,9,0,0,0,1,0,0,0,0,0,0,0,0,0
37692.0,2008,10,0,0,0,1,0,0,0,0,0,0,0,0,0
36114.0,2008,11,0,0,0,1,0,0,0,0,0,0,0,0,0
40000.0,2008,12,0,0,0,1,0,0,0,0,0,0,0,0,0
40000.0,2009,1,0,0,0,1,0,0,0,0,0,0,0,0,0
40000.0,2009,2,0,0,0,1,0,0,0,0,0,0,0,0,0
48000.0,2009,3,0,0,0,1,0,0,0,0,0,0,0,0,0
40800.0,2009,4,0,0,0,1,0,0,0,0,0,0,0,0,0
38187.5,2009,5,0,0,0,1,0,0,0,0,0,0,0,0,0
40750.0,2009,6,0,0,0,1,0,0,0,0,0,0,0,0,0
47000.0,2009,8,0,0,0,1,0,0,0,0,0,0,0,0,0
45000.0,2009,9,0,0,0,1,0,0,0,0,0,0,0,0,0
45000.0,2009,10,0,0,0,1,0,0,0,0,0,0,0,0,0
42000.0,2009,11,0,0,0,1,0,0,0,0,0,0,0,0,0
48000.0,2009,12,0,0,0,1,0,0,0,0,0,0,0,0,0
50000.0,2010,1,0,0,0,1,0,0,0,0,0,0,0,0,0
45500.0,2010,2,0,0,0,1,0,0,0,0,0,0,0,0,0
33000.0,2010,3,0,0,0,1,0,0,0,0,0,0,0,0,0
35000.0,2010,4,0,0,0,1,0,0,0,0,0,0,0,0,0
31000.0,2010,5,0,0,0,1,0,0,0,0,0,0,0,0,0
28269.0,2010,6,0,0,0,1,0,0,0,0,0,0,0,0,0
29438.0,2010,7,0,0,0,1,0,0,0,0,0,0,0,0,0
28981.0,2010,8,0,0,0,1,0,0,0,0,0,0,0,0,0
29964.0,2010,9,0,0,0,1,0,0,0,0,0,0,0,0,0
31083.0,2010,10,0,0,0,1,0,0,0,0,0,0,0,0,0
32950.0,2010,11,0,0,0,1,0,0,0,0,0,0,0,0,0
32214.0,2010,12,0,0,0,1,0,0,0,0,0,0,0,0,0
35479.0,2011,1,0,0,0,1,0,0,0,0,0,0,0,0,0
39000.0,2011,2,0,0,0,1,0,0,0,0,0,0,0,0,0
39400.0,2011,3,0,0,0,1,0,0,0,0,0,0,0,0,0
42800.0,2011,4,0,0,0,1,0,0,0,0,0,0,0,0,0
36000.0,2011,5,0,0,0,1,0,0,0,0,0,0,0,0,0
50000.0,2011,6,0,0,0,1,0,0,0,0,0,0,0,0,0
50313.0,2011,7,0,0,0,1,0,0,0,0,0,0,0,0,0
51778.0,2011,8,0,0,0,1,0,0,0,0,0,0,0,0,0
48194.0,2011,9,0,0,0,1,0,0,0,0,0,0,0,0,0
47896.0,2011,10,0,0,0,1,0,0,0,0,0,0,0,0,0
46904.0,2011,11,0,0,0,1,0,0,0,0,0,0,0,0,0
44929.0,2011,12,0,0,0,1,0,0,0,0,0,0,0,0,0
48052.0,2012,1,0,0,0,1,0,0,0,0,0,0,0,0,0
46808.0,2012,2,0,0,0,1,0,0,0,0,0,0,0,0,0
45611.0,2012,3,0,0,0,1,0,0,0,0,0,0,0,0,0
51773.0,2012,4,0,0,0,1,0,0,0,0,0,0,0,0,0
63308.0,2012,5,0,0,0,1,0,0,0,0,0,0,0,0,0
56475.0,2012,6,0,0,0,1,0,0,0,0,0,0,0,0,0
60692.0,2012,7,0,0,0,1,0,0,0,0,0,0,0,0,0
60250.0,2012,8,0,0,0,1,0,0,0,0,0,0,0,0,0
60000.0,2012,9,0,0,0,1,0,0,0,0,0,0,0,0,0
65500.0,2012,10,0,0,0,1,0,0,0,0,0,0,0,0,0
75667.0,2012,11,0,0,0,1,0,0,0,0,0,0,0,0,0
80125.0,2012,12,0,0,0,1,0,0,0,0,0,0,0,0,0
84900.0,2013,1,0,0,0,1,0,0,0,0,0,0,0,0,0
90454.55,2013,2,0,0,0,1,0,0,0,0,0,0,0,0,0
82791.75,2013,3,0,0,0,1,0,0,0,0,0,0,0,0,0
79312.5,2013,4,0,0,0,1,0,0,0,0,0,0,0,0,0
73033.4,2013,5,0,0,0,1,0,0,0,0,0,0,0,0,0
62111.33,2013,6,0,0,0,1,0,0,0,0,0,0,0,0,0
59166.5,2013,7,0,0,0,1,0,0,0,0,0,0,0,0,0
58250.0,2013,8,0,0,0,1,0,0,0,0,0,0,0,0,0
59583.25,2013,9,0,0,0,1,0,0,0,0,0,0,0,0,0
57833.5,2013,10,0,0,0,1,0,0,0,0,0,0,0,0,0
50041.75,2013,11,0,0,0,1,0,0,0,0,0,0,0,0,0
53187.5,2013,12,0,0,0,1,0,0,0,0,0,0,0,0,0
54791.75,2014,1,0,0,0,1,0,0,0,0,0,0,0,0,0
54792.0,2014,2,0,0,0,1,0,0,0,0,0,0,0,0,0
57750.0,2014,3,0,0,0,1,0,0,0,0,0,0,0,0,0
56000.0,2014,4,0,0,0,1,0,0,0,0,0,0,0,0,0
57788.46,2014,5,0,0,0,1,0,0,0,0,0,0,0,0,0
55104.12,2014,6,0,0,0,1,0,0,0,0,0,0,0,0,0
49700.0,2014,7,0,0,0,1,0,0,0,0,0,0,0,0,0
42398.33,2014,8,0,0,0,1,0,0,0,0,0,0,0,0,0
34211.5,2014,9,0,0,0,1,0,0,0,0,0,0,0,0,0
35107.0,2014,11,0,0,0,1,0,0,0,0,0,0,0,0,0
39452.0,2014,12,0,0,0,1,0,0,0,0,0,0,0,0,0
36136.0,2015,1,0,0,0,1,0,0,0,0,0,0,0,0,0
37444.0,2015,2,0,0,0,1,0,0,0,0,0,0,0,0,0
41850.0,2015,3,0,0,0,1,0,0,0,0,0,0,0,0,0
52636.0,2015,4,0,0,0,1,0,0,0,0,0,0,0,0,0
51333.0,2015,5,0,0,0,1,0,0,0,0,0,0,0,0,0
53813.0,2015,6,0,0,0,1,0,0,0,0,0,0,0,0,0
58730.33,2015,7,0,0,0,1,0,0,0,0,0,0,0,0,0
59115.0,2015,8,0,0,0,1,0,0,0,0,0,0,0,0,0
58872.0,2015,9,0,0,0,1,0,0,0,0,0,0,0,0,0
62456.5,2015,10,0,0,0,1,0,0,0,0,0,0,0,0,0
67325.33,2015,11,0,0,0,1,0,0,0,0,0,0,0,0,0
65027.0,2015,12,0,0,0,1,0,0,0,0,0,0,0,0,0
64942.33,2016,1,0,0,0,1,0,0,0,0,0,0,0,0,0
67097.69,2016,2,0,0,0,1,0,0,0,0,0,0,0,0,0
64428.0,2016,3,0,0,0,1,0,0,0,0,0,0,0,0,0
42883.33,2016,4,0,0,0,1,0,0,0,0,0,0,0,0,0
58881.33,2016,5,0,0,0,1,0,0,0,0,0,0,0,0,0
59974.33,2016,6,0,0,0,1,0,0,0,0,0,0,0,0,0
60000.0,2016,7,0,0,0,1,0,0,0,0,0,0,0,0,0
58840.33,2016,8,0,0,0,1,0,0,0,0,0,0,0,0,0
59701.67,2016,9,0,0,0,1,0,0,0,0,0,0,0,0,0
65309.67,2016,10,0,0,0,1,0,0,0,0,0,0,0,0,0
74566.0,2016,11,0,0,0,1,0,0,0,0,0,0,0,0,0
92193.33,2016,12,0,0,0,1,0,0,0,0,0,0,0,0,0
97964.88,2017,1,0,0,0,1,0,0,0,0,0,0,0,0,0
99927.775,2017,2,0,0,0,1,0,0,0,0,0,0,0,0,0
99927.775,2017,3,0,0,0,1,0,0,0,0,0,0,0,0,0
99927.775,2017,4,0,0,0,1,0,0,0,0,0,0,0,0,0
99927.775,2017,5,0,0,0,1,0,0,0,0,0,0,0,0,0
82529.76,2017,6,0,0,0,1,0,0,0,0,0,0,0,0,0
73428.57,2017,7,0,0,0,1,0,0,0,0,0,0,0,0,0
60382.0,2017,8,0,0,0,1,0,0,0,0,0,0,0,0,0
53491.0,2017,9,0,0,0,1,0,0,0,0,0,0,0,0,0
54207.41,2017,10,0,0,0,1,0,0,0,0,0,0,0,0,0
52287.5,2017,11,0,0,0,1,0,0,0,0,0,0,0,0,0
52083.33,2017,12,0,0,0,1,0,0,0,0,0,0,0,0,0
47827.78,2018,1,0,0,0,1,0,0,0,0,0,0,0,0,0
49427.08,2018,2,0,0,0,1,0,0,0,0,0,0,0,0,0
51407.41,2018,3,0,0,0,1,0,0,0,0,0,0,0,0,0
46375.0,2018,4,0,0,0,1,0,0,0,0,0,0,0,0,0
49333.33,2018,5,0,0,0,1,0,0,0,0,0,0,0,0,0
49285.71,2018,6,0,0,0,1,0,0,0,0,0,0,0,0,0
42166.67,2018,7,0,0,0,1,0,0,0,0,0,0,0,0,0
45483.33,2018,8,0,0,0,1,0,0,0,0,0,0,0,0,0
40855.22,2018,9,0,0,0,1,0,0,0,0,0,0,0,0,0
35981.48,2018,10,0,0,0,1,0,0,0,0,0,0,0,0,0
44250.0,2018,11,0,0,0,1,0,0,0,0,0,0,0,0,0
52527.78,2018,12,0,0,0,1,0,0,0,0,0,0,0,0,0
58200.0,2019,1,0,0,0,1,0,0,0,0,0,0,0,0,0
65240.74,2019,2,0,0,0,1,0,0,0,0,0,0,0,0,0
55893.94,2019,3,0,0,0,1,0,0,0,0,0,0,0,0,0
61361.11,2019,4,0,0,0,1,0,0,0,0,0,0,0,0,0
68055.56,2019,5,0,0,0,1,0,0,0,0,0,0,0,0,0
71185.19,2019,6,0,0,0,1,0,0,0,0,0,0,0,0,0
76629.03,2019,7,0,0,0,1,0,0,0,0,0,0,0,0,0
77431.82,2019,8,0,0,0,1,0,0,0,0,0,0,0,0,0
74545.45,2019,9,0,0,0,1,0,0,0,0,0,0,0,0,0
85100.0,2019,10,0,0,0,1,0,0,0,0,0,0,0,0,0
86666.67,2019,11,0,0,0,1,0,0,0,0,0,0,0,0,0
86595.45,2019,12,0,0,0,1,0,0,0,0,0,0,0,0,0
99750.0,2020,1,0,0,0,1,0,0,0,0,0,0,0,0,0
85566.18,2020,2,0,0,0,1,0,0,0,0,0,0,0,0,0
56407.89,2020,3,0,0,0,1,0,0,0,0,0,0,0,0,0
57600.0,2020,4,0,0,0,1,0,0,0,0,0,0,0,0,0
53286.0,2020,5,0,0,0,1,0,0,0,0,0,0,0,0,0
60944.0,2020,6,0,0,0,1,0,0,0,0,0,0,0,0,0
61357.0,2020,7,0,0,0,1,0,0,0,0,0,0,0,0,0
53500.0,2020,8,0,0,0,1,0,0,0,0,0,0,0,0,0
57202.0,2020,9,0,0,0,1,0,0,0,0,0,0,0,0,0
60056.0,2020,10,0,0,0,1,0,0,0,0,0,0,0,0,0
57000.0,2020,11,0,0,0,1,0,0,0,0,0,0,0,0,0
58500.0,2020,12,0,0,0,1,0,0,0,0,0,0,0,0,0
56286.0,2021,1,0,0,0,1,0,0,0,0,0,0,0,0,0
53000.0,2021,2,0,0,0,1,0,0,0,0,0,0,0,0,0
49500.0,2021,3,0,0,0,1,0,0,0,0,0,0,0,0,0
46600.0,2021,4,0,0,0,1,0,0,0,0,0,0,0,0,0
46000.0,2021,5,0,0,0,1,0,0,0,0,0,0,0,0,0
47000.0,2021,6,0,0,0,1,0,0,0,0,0,0,0,0,0
46583.0,2021,7,0,0,0,1,0,0,0,0,0,0,0,0,0
45500.0,2021,8,0,0,0,1,0,0,0,0,0,0,0,0,0
45972.0,2021,9,0,0,0,1,0,0,0,0,0,0,0,0,0
47667.0,2021,10,0,0,0,1,0,0,0,0,0,0,0,0,0
65500.0,2022,4,0,0,0,1,0,0,0,0,0,0,0,0,0
99927.775,2022,10,0,0,0,1,0,0,0,0,0,0,0,0,0
99927.775,2022,12,0,0,0,1,0,0,0,0,0,0,0,0,0
99927.775,2023,1,0,0,0,1,0,0,0,0,0,0,0,0,0
99927.775,2023,2,0,0,0,1,0,0,0,0,0,0,0,0,0
99927.775,2023,3,0,0,0,1,0,0,0,0,0,0,0,0,0
99927.775,2023,4,0,0,0,1,0,0,0,0,0,0,0,0,0
58550.0,2020,4,0,0,0,0,1,0,0,0,0,0,0,0,0
55857.0,2020,5,0,0,0,0,1,0,0,0,0,0,0,0,0
57375.0,2020,6,0,0,0,0,1,0,0,0,0,0,0,0,0
66667.0,2020,7,0,0,0,0,1,0,0,0,0,0,0,0,0
64167.0,2020,8,0,0,0,0,1,0,0,0,0,0,0,0,0
62944.0,2020,9,0,0,0,0,1,0,0,0,0,0,0,0,0
69100.0,2020,10,0,0,0,0,1,0,0,0,0,0,0,0,0
62208.0,2020,11,0,0,0,0,1,0,0,0,0,0,0,0,0
64714.0,2020,12,0,0,0,0,1,0,0,0,0,0,0,0,0
64000.0,2021,1,0,0,0,0,1,0,0,0,0,0,0,0,0
50583.0,2021,2,0,0,0,0,1,0,0,0,0,0,0,0,0
42500.0,2021,3,0,0,0,0,1,0,0,0,0,0,0,0,0
47500.0,2021,4,0,0,0,0,1,0,0,0,0,0,0,0,0
44333.0,2021,5,0,0,0,0,1,0,0,0,0,0,0,0,0
42500.0,2021,6,0,0,0,0,1,0,0,0,0,0,0,0,0
62833.0,2021,7,0,0,0,0,1,0,0,0,0,0,0,0,0
61167.0,2021,8,0,0,0,0,1,0,0,0,0,0,0,0,0
59269.0,2021,9,0,0,0,0,1,0,0,0,0,0,0,0,0
60000.0,2021,10,0,0,0,0,1,0,0,0,0,0,0,0,0
54611.0,2021,11,0,0,0,0,1,0,0,0,0,0,0,0,0
59917.0,2021,12,0,0,0,0,1,0,0,0,0,0,0,0,0
71792.0,2022,1,0,0,0,0,1,0,0,0,0,0,0,0,0
80909.0,2022,2,0,0,0,0,1,0,0,0,0,0,0,0,0
72292.0,2022,3,0,0,0,0,1,0,0,0,0,0,0,0,0
83000.0,2022,4,0,0,0,0,1,0,0,0,0,0,0,0,0
89000.0,2022,5,0,0,0,0,1,0,0,0,0,0,0,0,0
99927.775,2022,6,0,0,0,0,1,0,0,0,0,0,0,0,0
99927.775,2022,7,0,0,0,0,1,0,0,0,0,0,0,0,0
99927.775,2022,8,0,0,0,0,1,0,0,0,0,0,0,0,0
99927.775,2022,12,0,0,0,0,1,0,0,0,0,0,0,0,0
99927.775,2023,1,0,0,0,0,1,0,0,0,0,0,0,0,0
99927.775,2023,2,0,0,0,0,1,0,0,0,0,0,0,0,0
99927.775,2023,3,0,0,0,0,1,0,0,0,0,0,0,0,0
99927.775,2023,4,0,0,0,0,1,0,0,0,0,0,0,0,0
99927.775,2023,5,0,0,0,0,1,0,0,0,0,0,0,0,0
49825.0,2020,4,0,0,0,0,0,1,0,0,0,0,0,0,0
43357.0,2020,5,0,0,0,0,0,1,0,0,0,0,0,0,0
51725.0,2020,6,0,0,0,0,0,1,0,0,0,0,0,0,0
55375.0,2020,7,0,0,0,0,0,1,0,0,0,0,0,0,0
51833.0,2020,8,0,0,0,0,0,1,0,0,0,0,0,0,0
52795.0,2020,9,0,0,0,0,0,1,0,0,0,0,0,0,0
56400.0,2020,10,0,0,0,0,0,1,0,0,0,0,0,0,0
53583.0,2020,11,0,0,0,0,0,1,0,0,0,0,0,0,0
51333.0,2020,12,0,0,0,0,0,1,0,0,0,0,0,0,0
50450.0,2021,1,0,0,0,0,0,1,0,0,0,0,0,0,0
46313.0,2021,2,0,0,0,0,0,1,0,0,0,0,0,0,0
40167.0,2021,3,0,0,0,0,0,1,0,0,0,0,0,0,0
49333.0,2021,4,0,0,0,0,0,1,0,0,0,0,0,0,0
49550.0,2021,5,0,0,0,0,0,1,0,0,0,0,0,0,0
37600.0,2021,7,0,0,0,0,0,1,0,0,0,0,0,0,0
37962.0,2021,8,0,0,0,0,0,1,0,0,0,0,0,0,0
40625.0,2021,9,0,0,0,0,0,1,0,0,0,0,0,0,0
41042.0,2021,10,0,0,0,0,0,1,0,0,0,0,0,0,0
43250.0,2021,11,0,0,0,0,0,1,0,0,0,0,0,0,0
52292.0,2021,12,0,0,0,0,0,1,0,0,0,0,0,0,0
63083.0,2022,1,0,0,0,0,0,1,0,0,0,0,0,0,0
53864.0,2022,2,0,0,0,0,0,1,0,0,0,0,0,0,0
51458.0,2022,3,0,0,0,0,0,1,0,0,0,0,0,0,0
63950.0,2022,4,0,0,0,0,0,1,0,0,0,0,0,0,0
68194.0,2022,5,0,0,0,0,0,1,0,0,0,0,0,0,0
79308.0,2022,6,0,0,0,0,0,1,0,0,0,0,0,0,0
85500.0,2022,7,0,0,0,0,0,1,0,0,0,0,0,0,0
95000.0,2022,9,0,0,0,0,0,1,0,0,0,0,0,0,0
99927.775,2022,12,0,0,0,0,0,1,0,0,0,0,0,0,0
99927.775,2023,1,0,0,0,0,0,1,0,0,0,0,0,0,0
99927.775,2023,2,0,0,0,0,0,1,0,0,0,0,0,0,0
99927.775,2023,3,0,0,0,0,0,1,0,0,0,0,0,0,0
93500.0,2023,4,0,0,0,0,0,1,0,0,0,0,0,0,0
87500.0,2023,5,0,0,0,0,0,1,0,0,0,0,0,0,0
36107.14,2006,1,0,0,0,0,0,0,1,0,0,0,0,0,0
36541.67,2006,2,0,0,0,0,0,0,1,0,0,0,0,0,0
32375.0,2006,3,0,0,0,0,0,0,1,0,0,0,0,0,0
24727.27,2006,4,0,0,0,0,0,0,1,0,0,0,0,0,0
20907.69,2006,5,0,0,0,0,0,0,1,0,0,0,0,0,0
21166.67,2006,6,0,0,0,0,0,0,1,0,0,0,0,0,0
19500.0,2006,7,0,0,0,0,0,0,1,0,0,0,0,0,0
17550.0,2006,8,0,0,0,0,0,0,1,0,0,0,0,0,0
14687.5,2006,9,0,0,0,0,0,0,1,0,0,0,0,0,0
15430.0,2006,10,0,0,0,0,0,0,1,0,0,0,0,0,0
15875.0,2006,11,0,0,0,0,0,0,1,0,0,0,0,0,0
16130.0,2006,12,0,0,0,0,0,0,1,0,0,0,0,0,0
14500.0,2007,1,0,0,0,0,0,0,1,0,0,0,0,0,0
14000.0,2007,2,0,0,0,0,0,0,1,0,0,0,0,0,0
13700.0,2007,3,0,0,0,0,0,0,1,0,0,0,0,0,0
13600.0,2007,4,0,0,0,0,0,0,1,0,0,0,0,0,0
12200.0,2007,5,0,0,0,0,0,0,1,0,0,0,0,0,0
12100.0,2007,6,0,0,0,0,0,0,1,0,0,0,0,0,0
12500.0,2007,7,0,0,0,0,0,0,1,0,0,0,0,0,0
12800.0,2007,8,0,0,0,0,0,0,1,0,0,0,0,0,0
15200.0,2007,9,0,0,0,0,0,0,1,0,0,0,0,0,0
18200.0,2007,10,0,0,0,0,0,0,1,0,0,0,0,0,0
20700.0,2007,11,0,0,0,0,0,0,1,0,0,0,0,0,0
24700.0,2007,12,0,0,0,0,0,0,1,0,0,0,0,0,0
37300.0,2008,1,0,0,0,0,0,0,1,0,0,0,0,0,0
36400.0,2008,2,0,0,0,0,0,0,1,0,0,0,0,0,0
35200.0,2008,3,0,0,0,0,0,0,1,0,0,0,0,0,0
36600.0,2008,4,0,0,0,0,0,0,1,0,0,0,0,0,0
32700.0,2008,5,0,0,0,0,0,0,1,0,0,0,0,0,0
30000.0,2008,6,0,0,0,0,0,0,1,0,0,0,0,0,0
29659.09,2008,7,0,0,0,0,0,0,1,0,0,0,0,0,0
30000.0,2008,8,0,0,0,0,0,0,1,0,0,0,0,0,0
30000.0,2008,9,0,0,0,0,0,0,1,0,0,0,0,0,0
32500.0,2008,10,0,0,0,0,0,0,1,0,0,0,0,0,0
33909.0,2008,11,0,0,0,0,0,0,1,0,0,0,0,0,0
42000.0,2008,12,0,0,0,0,0,0,1,0,0,0,0,0,0
42000.0,2009,1,0,0,0,0,0,0,1,0,0,0,0,0,0
45000.0,2009,2,0,0,0,0,0,0,1,0,0,0,0,0,0
43000.0,2009,3,0,0,0,0,0,0,1,0,0,0,0,0,0
39500.0,2009,4,0,0,0,0,0,0,1,0,0,0,0,0,0
40500.0,2009,5,0,0,0,0,0,0,1,0,0,0,0,0,0
39333.33,2009,6,0,0,0,0,0,0,1,0,0,0,0,0,0
40000.0,2009,8,0,0,0,0,0,0,1,0,0,0,0,0,0
42000.0,2009,9,0,0,0,0,0,0,1,0,0,0,0,0,0
45000.0,2009,10,0,0,0,0,0,0,1,0,0,0,0,0,0
45000.0,2009,11,0,0,0,0,0,0,1,0,0,0,0,0,0
54000.0,2009,12,0,0,0,0,0,0,1,0,0,0,0,0,0
55000.0,2010,1,0,0,0,0,0,0,1,0,0,0,0,0,0
55000.0,2010,2,0,0,0,0,0,0,1,0,0,0,0,0,0
55000.0,2010,3,0,0,0,0,0,0,1,0,0,0,0,0,0
42000.0,2010,4,0,0,0,0,0,0,1,0,0,0,0,0,0
45000.0,2010,5,0,0,0,0,0,0,1,0,0,0,0,0,0
32308.0,2010,6,0,0,0,0,0,0,1,0,0,0,0,0,0
30545.0,2010,7,0,0,0,0,0,0,1,0,0,0,0,0,0
33042.0,2010,8,0,0,0,0,0,0,1,0,0,0,0,0,0
32500.0,2010,9,0,0,0,0,0,0,1,0,0,0,0,0,0
33308.0,2010,10,0,0,0,0,0,0,1,0,0,0,0,0,0
31800.0,2010,11,0,0,0,0,0,0,1,0,0,0,0,0,0
33786.0,2010,12,0,0,0,0,0,0,1,0,0,0,0,0,0
28000.0,2011,1,0,0,0,0,0,0,1,0,0,0,0,0,0
37625.0,2011,2,0,0,0,0,0,0,1,0,0,0,0,0,0
40416.6,2011,3,0,0,0,0,0,0,1,0,0,0,0,0,0
38182.0,2011,4,0,0,0,0,0,0,1,0,0,0,0,0,0
42000.0,2011,5,0,0,0,0,0,0,1,0,0,0,0,0,0
44000.0,2011,6,0,0,0,0,0,0,1,0,0,0,0,0,0
45591.0,2011,7,0,0,0,0,0,0,1,0,0,0,0,0,0
42375.0,2011,8,0,0,0,0,0,0,1,0,0,0,0,0,0
43286.0,2011,9,0,0,0,0,0,0,1,0,0,0,0,0,0
42000.0,2011,10,0,0,0,0,0,0,1,0,0,0,0,0,0
42000.0,2011,11,0,0,0,0,0,0,1,0,0,0,0,0,0
42000.0,2011,12,0,0,0,0,0,0,1,0,0,0,0,0,0
44808.0,2012,1,0,0,0,0,0,0,1,0,0,0,0,0,0
45462.0,2012,2,0,0,0,0,0,0,1,0,0,0,0,0,0
48188.0,2012,3,0,0,0,0,0,0,1,0,0,0,0,0,0
50909.0,2012,4,0,0,0,0,0,0,1,0,0,0,0,0,0
60000.0,2012,5,0,0,0,0,0,0,1,0,0,0,0,0,0
63600.0,2012,6,0,0,0,0,0,0,1,0,0,0,0,0,0
52462.0,2012,7,0,0,0,0,0,0,1,0,0,0,0,0,0
54000.0,2012,8,0,0,0,0,0,0,1,0,0,0,0,0,0
56250.0,2012,9,0,0,0,0,0,0,1,0,0,0,0,0,0
54500.0,2012,10,0,0,0,0,0,0,1,0,0,0,0,0,0
70417.0,2012,11,0,0,0,0,0,0,1,0,0,0,0,0,0
86000.0,2012,12,0,0,0,0,0,0,1,0,0,0,0,0,0
90000.0,2013,1,0,0,0,0,0,0,1,0,0,0,0,0,0
90000.0,2013,2,0,0,0,0,0,0,1,0,0,0,0,0,0
87000.0,2013,3,0,0,0,0,0,0,1,0,0,0,0,0,0
83000.0,2013,4,0,0,0,0,0,0,1,0,0,0,0,0,0
77600.0,2013,5,0,0,0,0,0,0,1,0,0,0,0,0,0
58666.67,2013,6,0,0,0,0,0,0,1,0,0,0,0,0,0
58125.0,2013,7,0,0,0,0,0,0,1,0,0,0,0,0,0
60000.0,2013,8,0,0,0,0,0,0,1,0,0,0,0,0,0
60000.0,2013,9,0,0,0,0,0,0,1,0,0,0,0,0,0
59000.0,2013,10,0,0,0,0,0,0,1,0,0,0,0,0,0
54000.0,2013,11,0,0,0,0,0,0,1,0,0,0,0,0,0
56500.0,2013,12,0,0,0,0,0,0,1,0,0,0,0,0,0
60000.0,2014,1,0,0,0,0,0,0,1,0,0,0,0,0,0
60000.0,2014,2,0,0,0,0,0,0,1,0,0,0,0,0,0
60000.0,2014,3,0,0,0,0,0,0,1,0,0,0,0,0,0
60000.0,2014,4,0,0,0,0,0,0,1,0,0,0,0,0,0
58173.08,2014,5,0,0,0,0,0,0,1,0,0,0,0,0,0
55750.0,2014,6,0,0,0,0,0,0,1,0,0,0,0,0,0
50727.0,2014,7,0,0,0,0,0,0,1,0,0,0,0,0,0
47750.0,2014,8,0,0,0,0,0,0,1,0,0,0,0,0,0
46808.0,2014,9,0,0,0,0,0,0,1,0,0,0,0,0,0
37250.0,2014,11,0,0,0,0,0,0,1,0,0,0,0,0,0
44038.0,2014,12,0,0,0,0,0,0,1,0,0,0,0,0,0
40500.0,2015,1,0,0,0,0,0,0,1,0,0,0,0,0,0
42167.0,2015,2,0,0,0,0,0,0,1,0,0,0,0,0,0
50833.0,2015,3,0,0,0,0,0,0,1,0,0,0,0,0,0
51364.0,2015,4,0,0,0,0,0,0,1,0,0,0,0,0,0
57583.0,2015,5,0,0,0,0,0,0,1,0,0,0,0,0,0
51117.0,2015,6,0,0,0,0,0,0,1,0,0,0,0,0,0
53595.0,2015,7,0,0,0,0,0,0,1,0,0,0,0,0,0
56067.0,2015,8,0,0,0,0,0,0,1,0,0,0,0,0,0
58222.0,2015,9,0,0,0,0,0,0,1,0,0,0,0,0,0
66573.0,2015,10,0,0,0,0,0,0,1,0,0,0,0,0,0
67038.0,2015,11,0,0,0,0,0,0,1,0,0,0,0,0,0
66432.0,2015,12,0,0,0,0,0,0,1,0,0,0,0,0,0
75660.0,2016,1,0,0,0,0,0,0,1,0,0,0,0,0,0
69750.0,2016,2,0,0,0,0,0,0,1,0,0,0,0,0,0
73019.0,2016,3,0,0,0,0,0,0,1,0,0,0,0,0,0
73176.0,2016,4,0,0,0,0,0,0,1,0,0,0,0,0,0
69889.0,2016,5,0,0,0,0,0,0,1,0,0,0,0,0,0
55042.0,2016,6,0,0,0,0,0,0,1,0,0,0,0,0,0
63141.0,2016,7,0,0,0,0,0,0,1,0,0,0,0,0,0
64965.0,2016,8,0,0,0,0,0,0,1,0,0,0,0,0,0
66530.0,2016,9,0,0,0,0,0,0,1,0,0,0,0,0,0
68695.0,2016,10,0,0,0,0,0,0,1,0,0,0,0,0,0
69093.0,2016,11,0,0,0,0,0,0,1,0,0,0,0,0,0
82367.0,2016,12,0,0,0,0,0,0,1,0,0,0,0,0,0
99927.775,2017,1,0,0,0,0,0,0,1,0,0,0,0,0,0
99927.775,2017,2,0,0,0,0,0,0,1,0,0,0,0,0,0
99927.775,2017,3,0,0,0,0,0,0,1,0,0,0,0,0,0
99927.775,2017,4,0,0,0,0,0,0,1,0,0,0,0,0,0
74000.0,2017,5,0,0,0,0,0,0,1,0,0,0,0,0,0
89000.0,2017,6,0,0,0,0,0,0,1,0,0,0,0,0,0
70250.0,2017,7,0,0,0,0,0,0,1,0,0,0,0,0,0
73417.0,2017,8,0,0,0,0,0,0,1,0,0,0,0,0,0
66700.0,2017,9,0,0,0,0,0,0,1,0,0,0,0,0,0
57591.67,2017,10,0,0,0,0,0,0,1,0,0,0,0,0,0
55812.5,2017,11,0,0,0,0,0,0,1,0,0,0,0,0,0
50650.0,2017,12,0,0,0,0,0,0,1,0,0,0,0,0,0
52965.0,2018,1,0,0,0,0,0,0,1,0,0,0,0,0,0
55000.0,2018,2,0,0,0,0,0,0,1,0,0,0,0,0,0
62722.22,2018,3,0,0,0,0,0,0,1,0,0,0,0,0,0
57500.0,2018,4,0,0,0,0,0,0,1,0,0,0,0,0,0
49000.0,2018,5,0,0,0,0,0,0,1,0,0,0,0,0,0
45875.0,2018,6,0,0,0,0,0,0,1,0,0,0,0,0,0
41400.0,2018,7,0,0,0,0,0,0,1,0,0,0,0,0,0
42221.43,2018,8,0,0,0,0,0,0,1,0,0,0,0,0,0
49045.45,2018,9,0,0,0,0,0,0,1,0,0,0,0,0,0
33760.42,2018,10,0,0,0,0,0,0,1,0,0,0,0,0,0
41704.55,2018,11,0,0,0,0,0,0,1,0,0,0,0,0,0
43531.25,2018,12,0,0,0,0,0,0,1,0,0,0,0,0,0
43275.0,2019,1,0,0,0,0,0,0,1,0,0,0,0,0,0
43077.78,2019,2,0,0,0,0,0,0,1,0,0,0,0,0,0
46468.18,2019,3,0,0,0,0,0,0,1,0,0,0,0,0,0
57908.33,2019,4,0,0,0,0,0,0,1,0,0,0,0,0,0
58288.89,2019,5,0,0,0,0,0,0,1,0,0,0,0,0,0
56958.33,2019,6,0,0,0,0,0,0,1,0,0,0,0,0,0
59462.5,2019,7,0,0,0,0,0,0,1,0,0,0,0,0,0
63661.36,2019,8,0,0,0,0,0,0,1,0,0,0,0,0,0
73619.05,2019,9,0,0,0,0,0,0,1,0,0,0,0,0,0
85395.45,2019,10,0,0,0,0,0,0,1,0,0,0,0,0,0
85590.38,2019,11,0,0,0,0,0,0,1,0,0,0,0,0,0
92760.0,2019,12,0,0,0,0,0,0,1,0,0,0,0,0,0
94090.91,2020,1,0,0,0,0,0,0,1,0,0,0,0,0,0
77156.25,2020,2,0,0,0,0,0,0,1,0,0,0,0,0,0
57048.08,2020,3,0,0,0,0,0,0,1,0,0,0,0,0,0
55250.0,2020,4,0,0,0,0,0,0,1,0,0,0,0,0,0
50357.0,2020,5,0,0,0,0,0,0,1,0,0,0,0,0,0
48306.0,2020,6,0,0,0,0,0,0,1,0,0,0,0,0,0
60031.0,2020,7,0,0,0,0,0,0,1,0,0,0,0,0,0
61208.0,2020,8,0,0,0,0,0,0,1,0,0,0,0,0,0
57773.0,2020,9,0,0,0,0,0,0,1,0,0,0,0,0,0
62050.0,2020,10,0,0,0,0,0,0,1,0,0,0,0,0,0
59167.0,2020,11,0,0,0,0,0,0,1,0,0,0,0,0,0
56944.0,2020,12,0,0,0,0,0,0,1,0,0,0,0,0,0
58075.0,2021,1,0,0,0,0,0,0,1,0,0,0,0,0,0
53750.0,2021,2,0,0,0,0,0,0,1,0,0,0,0,0,0
49278.0,2021,3,0,0,0,0,0,0,1,0,0,0,0,0,0
36857.0,2021,4,0,0,0,0,0,0,1,0,0,0,0,0,0
37750.0,2021,5,0,0,0,0,0,0,1,0,0,0,0,0,0
51909.0,2021,6,0,0,0,0,0,0,1,0,0,0,0,0,0
48227.0,2021,7,0,0,0,0,0,0,1,0,0,0,0,0,0
47000.0,2021,8,0,0,0,0,0,0,1,0,0,0,0,0,0
42115.0,2021,9,0,0,0,0,0,0,1,0,0,0,0,0,0
44667.0,2021,10,0,0,0,0,0,0,1,0,0,0,0,0,0
47375.0,2021,11,0,0,0,0,0,0,1,0,0,0,0,0,0
54667.0,2021,12,0,0,0,0,0,0,1,0,0,0,0,0,0
60792.0,2022,1,0,0,0,0,0,0,1,0,0,0,0,0,0
61318.0,2022,2,0,0,0,0,0,0,1,0,0,0,0,0,0
52875.0,2022,3,0,0,0,0,0,0,1,0,0,0,0,0,0
66700.0,2022,4,0,0,0,0,0,0,1,0,0,0,0,0,0
75384.0,2022,5,0,0,0,0,0,0,1,0,0,0,0,0,0
82577.0,2022,6,0,0,0,0,0,0,1,0,0,0,0,0,0
93909.0,2022,7,0,0,0,0,0,0,1,0,0,0,0,0,0
88591.0,2022,8,0,0,0,0,0,0,1,0,0,0,0,0,0
92385.0,2022,9,0,0,0,0,0,0,1,0,0,0,0,0,0
99927.775,2022,10,0,0,0,0,0,0,1,0,0,0,0,0,0
99927.775,2022,11,0,0,0,0,0,0,1,0,0,0,0,0,0
99927.775,2022,12,0,0,0,0,0,0,1,0,0,0,0,0,0
99927.775,2023,2,0,0,0,0,0,0,1,0,0,0,0,0,0
99927.775,2023,3,0,0,0,0,0,0,1,0,0,0,0,0,0
99927.775,2023,4,0,0,0,0,0,0,1,0,0,0,0,0,0
99927.775,2023,5,0,0,0,0,0,0,1,0,0,0,0,0,0
27693.75,2006,1,0,0,1,0,0,0,0,0,0,0,0,0,0
32025.0,2006,2,0,0,1,0,0,0,0,0,0,0,0,0,0
31545.83,2006,3,0,0,1,0,0,0,0,0,0,0,0,0,0
31209.09,2006,4,0,0,1,0,0,0,0,0,0,0,0,0,0
27965.38,2006,5,0,0,1,0,0,0,0,0,0,0,0,0,0
25247.0,2006,6,0,0,1,0,0,0,0,0,0,0,0,0,0
26338.38,2006,7,0,0,1,0,0,0,0,0,0,0,0,0,0
26000.0,2006,8,0,0,1,0,0,0,0,0,0,0,0,0,0
26500.0,2006,9,0,0,1,0,0,0,0,0,0,0,0,0,0
26870.0,2006,10,0,0,1,0,0,0,0,0,0,0,0,0,0
26990.0,2006,11,0,0,1,0,0,0,0,0,0,0,0,0,0
26730.0,2006,12,0,0,1,0,0,0,0,0,0,0,0,0,0
32000.0,2007,1,0,0,1,0,0,0,0,0,0,0,0,0,0
30500.0,2007,2,0,0,1,0,0,0,0,0,0,0,0,0,0
25500.0,2007,3,0,0,1,0,0,0,0,0,0,0,0,0,0
25100.0,2007,4,0,0,1,0,0,0,0,0,0,0,0,0,0
20500.0,2007,5,0,0,1,0,0,0,0,0,0,0,0,0,0
19250.0,2007,6,0,0,1,0,0,0,0,0,0,0,0,0,0
18600.0,2007,7,0,0,1,0,0,0,0,0,0,0,0,0,0
20000.0,2007,8,0,0,1,0,0,0,0,0,0,0,0,0,0
19900.0,2007,9,0,0,1,0,0,0,0,0,0,0,0,0,0
19850.0,2007,10,0,0,1,0,0,0,0,0,0,0,0,0,0
21000.0,2007,11,0,0,1,0,0,0,0,0,0,0,0,0,0
21000.0,2007,12,0,0,1,0,0,0,0,0,0,0,0,0,0
27400.0,2008,1,0,0,1,0,0,0,0,0,0,0,0,0,0
29100.0,2008,2,0,0,1,0,0,0,0,0,0,0,0,0,0
23800.0,2008,3,0,0,1,0,0,0,0,0,0,0,0,0,0
22100.0,2008,4,0,0,1,0,0,0,0,0,0,0,0,0,0
20400.0,2008,5,0,0,1,0,0,0,0,0,0,0,0,0,0
26865.0,2008,6,0,0,1,0,0,0,0,0,0,0,0,0,0
29020.0,2008,7,0,0,1,0,0,0,0,0,0,0,0,0,0
31800.0,2008,8,0,0,1,0,0,0,0,0,0,0,0,0,0
42000.0,2009,8,0,0,1,0,0,0,0,0,0,0,0,0,0
45000.0,2009,9,0,0,1,0,0,0,0,0,0,0,0,0,0
43000.0,2009,10,0,0,1,0,0,0,0,0,0,0,0,0,0
51000.0,2009,11,0,0,1,0,0,0,0,0,0,0,0,0,0
54000.0,2009,12,0,0,1,0,0,0,0,0,0,0,0,0,0
52000.0,2010,1,0,0,1,0,0,0,0,0,0,0,0,0,0
33500.0,2010,2,0,0,1,0,0,0,0,0,0,0,0,0,0
31000.0,2010,3,0,0,1,0,0,0,0,0,0,0,0,0,0
27000.0,2010,4,0,0,1,0,0,0,0,0,0,0,0,0,0
29000.0,2010,5,0,0,1,0,0,0,0,0,0,0,0,0,0
25885.0,2010,6,0,0,1,0,0,0,0,0,0,0,0,0,0
23000.0,2010,7,0,0,1,0,0,0,0,0,0,0,0,0,0
26231.0,2010,8,0,0,1,0,0,0,0,0,0,0,0,0,0
29000.0,2010,9,0,0,1,0,0,0,0,0,0,0,0,0,0
26308.0,2010,10,0,0,1,0,0,0,0,0,0,0,0,0,0
38333.0,2010,11,0,0,1,0,0,0,0,0,0,0,0,0,0
40000.0,2010,12,0,0,1,0,0,0,0,0,0,0,0,0,0
35521.0,2011,1,0,0,1,0,0,0,0,0,0,0,0,0,0
43600.0,2011,2,0,0,1,0,0,0,0,0,0,0,0,0,0
40600.0,2011,3,0,0,1,0,0,0,0,0,0,0,0,0,0
41227.0,2011,4,0,0,1,0,0,0,0,0,0,0,0,0,0
55000.0,2011,5,0,0,1,0,0,0,0,0,0,0,0,0,0
60000.0,2011,6,0,0,1,0,0,0,0,0,0,0,0,0,0
61273.0,2011,7,0,0,1,0,0,0,0,0,0,0,0,0,0
57500.0,2011,8,0,0,1,0,0,0,0,0,0,0,0,0,0
56000.0,2011,9,0,0,1,0,0,0,0,0,0,0,0,0,0
54333.0,2011,10,0,0,1,0,0,0,0,0,0,0,0,0,0
57769.0,2011,11,0,0,1,0,0,0,0,0,0,0,0,0,0
57571.0,2011,12,0,0,1,0,0,0,0,0,0,0,0,0,0
58077.0,2012,1,0,0,1,0,0,0,0,0,0,0,0,0,0
51750.0,2012,2,0,0,1,0,0,0,0,0,0,0,0,0,0
48333.0,2012,3,0,0,1,0,0,0,0,0,0,0,0,0,0
50000.0,2012,4,0,0,1,0,0,0,0,0,0,0,0,0,0
50000.0,2012,5,0,0,1,0,0,0,0,0,0,0,0,0,0
65600.0,2012,6,0,0,1,0,0,0,0,0,0,0,0,0,0
63846.0,2012,7,0,0,1,0,0,0,0,0,0,0,0,0,0
65700.0,2012,8,0,0,1,0,0,0,0,0,0,0,0,0,0
62500.0,2012,9,0,0,1,0,0,0,0,0,0,0,0,0,0
70400.0,2012,10,0,0,1,0,0,0,0,0,0,0,0,0,0
63000.0,2012,11,0,0,1,0,0,0,0,0,0,0,0,0,0
60888.89,2012,12,0,0,1,0,0,0,0,0,0,0,0,0,0
68722.22,2013,1,0,0,1,0,0,0,0,0,0,0,0,0,0
85272.73,2013,2,0,0,1,0,0,0,0,0,0,0,0,0,0
62166.75,2013,3,0,0,1,0,0,0,0,0,0,0,0,0,0
58250.0,2013,4,0,0,1,0,0,0,0,0,0,0,0,0,0
53350.0,2013,5,0,0,1,0,0,0,0,0,0,0,0,0,0
49444.33,2013,6,0,0,1,0,0,0,0,0,0,0,0,0,0
54333.25,2013,7,0,0,1,0,0,0,0,0,0,0,0,0,0
55250.0,2013,8,0,0,1,0,0,0,0,0,0,0,0,0,0
54291.75,2013,9,0,0,1,0,0,0,0,0,0,0,0,0,0
63500.0,2013,10,0,0,1,0,0,0,0,0,0,0,0,0,0
67791.75,2013,11,0,0,1,0,0,0,0,0,0,0,0,0,0
70000.0,2013,12,0,0,1,0,0,0,0,0,0,0,0,0,0
62500.0,2014,1,0,0,1,0,0,0,0,0,0,0,0,0,0
62500.0,2014,2,0,0,1,0,0,0,0,0,0,0,0,0,0
51500.0,2014,3,0,0,1,0,0,0,0,0,0,0,0,0,0
49722.0,2014,4,0,0,1,0,0,0,0,0,0,0,0,0,0
47227.27,2014,5,0,0,1,0,0,0,0,0,0,0,0,0,0
56250.0,2014,6,0,0,1,0,0,0,0,0,0,0,0,0,0
55000.0,2014,7,0,0,1,0,0,0,0,0,0,0,0,0,0
50500.0,2014,8,0,0,1,0,0,0,0,0,0,0,0,0,0
50538.0,2014,9,0,0,1,0,0,0,0,0,0,0,0,0,0
46821.0,2014,11,0,0,1,0,0,0,0,0,0,0,0,0,0
48192.0,2014,12,0,0,1,0,0,0,0,0,0,0,0,0,0
46773.0,2015,1,0,0,1,0,0,0,0,0,0,0,0,0,0
41000.0,2015,2,0,0,1,0,0,0,0,0,0,0,0,0,0
42842.0,2015,3,0,0,1,0,0,0,0,0,0,0,0,0,0
49273.0,2015,4,0,0,1,0,0,0,0,0,0,0,0,0,0
55333.0,2015,5,0,0,1,0,0,0,0,0,0,0,0,0,0
51333.0,2015,6,0,0,1,0,0,0,0,0,0,0,0,0,0
56577.0,2015,7,0,0,1,0,0,0,0,0,0,0,0,0,0
50556.0,2015,8,0,0,1,0,0,0,0,0,0,0,0,0,0
52500.0,2015,9,0,0,1,0,0,0,0,0,0,0,0,0,0
52500.0,2015,10,0,0,1,0,0,0,0,0,0,0,0,0,0
73929.0,2015,11,0,0,1,0,0,0,0,0,0,0,0,0,0
77000.0,2015,12,0,0,1,0,0,0,0,0,0,0,0,0,0
79875.0,2016,1,0,0,1,0,0,0,0,0,0,0,0,0,0
80166.67,2016,2,0,0,1,0,0,0,0,0,0,0,0,0,0
52500.0,2016,3,0,0,1,0,0,0,0,0,0,0,0,0,0
59167.0,2016,4,0,0,1,0,0,0,0,0,0,0,0,0,0
53500.0,2016,5,0,0,1,0,0,0,0,0,0,0,0,0,0
57313.0,2016,6,0,0,1,0,0,0,0,0,0,0,0,0,0
61071.0,2016,7,0,0,1,0,0,0,0,0,0,0,0,0,0
62313.0,2016,8,0,0,1,0,0,0,0,0,0,0,0,0,0
69688.0,2016,9,0,0,1,0,0,0,0,0,0,0,0,0,0
71000.0,2016,10,0,0,1,0,0,0,0,0,0,0,0,0,0
93875.0,2016,11,0,0,1,0,0,0,0,0,0,0,0,0,0
85300.0,2016,12,0,0,1,0,0,0,0,0,0,0,0,0,0
90250.0,2017,1,0,0,1,0,0,0,0,0,0,0,0,0,0
91785.71,2017,2,0,0,1,0,0,0,0,0,0,0,0,0,0
96833.33,2017,3,0,0,1,0,0,0,0,0,0,0,0,0,0
99927.775,2017,4,0,0,1,0,0,0,0,0,0,0,0,0,0
98833.33,2017,5,0,0,1,0,0,0,0,0,0,0,0,0,0
99927.775,2017,6,0,0,1,0,0,0,0,0,0,0,0,0,0
65000.0,2018,3,0,0,1,0,0,0,0,0,0,0,0,0,0
65000.0,2018,4,0,0,1,0,0,0,0,0,0,0,0,0,0
44000.0,2018,6,0,0,1,0,0,0,0,0,0,0,0,0,0
46500.0,2018,7,0,0,1,0,0,0,0,0,0,0,0,0,0
43166.67,2018,8,0,0,1,0,0,0,0,0,0,0,0,0,0
42500.0,2018,9,0,0,1,0,0,0,0,0,0,0,0,0,0
43527.78,2018,10,0,0,1,0,0,0,0,0,0,0,0,0,0
44829.55,2018,11,0,0,1,0,0,0,0,0,0,0,0,0,0
59833.33,2018,12,0,0,1,0,0,0,0,0,0,0,0,0,0
62700.0,2019,1,0,0,1,0,0,0,0,0,0,0,0,0,0
57500.0,2019,2,0,0,1,0,0,0,0,0,0,0,0,0,0
57500.0,2019,3,0,0,1,0,0,0,0,0,0,0,0,0,0
57916.67,2019,4,0,0,1,0,0,0,0,0,0,0,0,0,0
57000.0,2019,5,0,0,1,0,0,0,0,0,0,0,0,0,0
59000.0,2019,6,0,0,1,0,0,0,0,0,0,0,0,0,0
68900.0,2019,7,0,0,1,0,0,0,0,0,0,0,0,0,0
73136.36,2019,8,0,0,1,0,0,0,0,0,0,0,0,0,0
76000.0,2019,9,0,0,1,0,0,0,0,0,0,0,0,0,0
84045.45,2019,10,0,0,1,0,0,0,0,0,0,0,0,0,0
90346.15,2019,11,0,0,1,0,0,0,0,0,0,0,0,0,0
96000.0,2019,12,0,0,1,0,0,0,0,0,0,0,0,0,0
85416.67,2020,1,0,0,1,0,0,0,0,0,0,0,0,0,0
69500.0,2020,2,0,0,1,0,0,0,0,0,0,0,0,0,0
52041.67,2020,3,0,0,1,0,0,0,0,0,0,0,0,0,0
52850.0,2020,4,0,0,1,0,0,0,0,0,0,0,0,0,0
56643.0,2020,5,0,0,1,0,0,0,0,0,0,0,0,0,0
57556.0,2020,6,0,0,1,0,0,0,0,0,0,0,0,0,0
60786.0,2020,7,0,0,1,0,0,0,0,0,0,0,0,0,0
63167.0,2020,8,0,0,1,0,0,0,0,0,0,0,0,0,0
62500.0,2020,9,0,0,1,0,0,0,0,0,0,0,0,0,0
62700.0,2020,10,0,0,1,0,0,0,0,0,0,0,0,0,0
62833.0,2020,11,0,0,1,0,0,0,0,0,0,0,0,0,0
64278.0,2020,12,0,0,1,0,0,0,0,0,0,0,0,0,0
64500.0,2021,1,0,0,1,0,0,0,0,0,0,0,0,0,0
56813.0,2021,2,0,0,1,0,0,0,0,0,0,0,0,0,0
40188.0,2021,3,0,0,1,0,0,0,0,0,0,0,0,0,0
37429.0,2021,4,0,0,1,0,0,0,0,0,0,0,0,0,0
37900.0,2021,5,0,0,1,0,0,0,0,0,0,0,0,0,0
47409.0,2021,6,0,0,1,0,0,0,0,0,0,0,0,0,0
50273.0,2021,7,0,0,1,0,0,0,0,0,0,0,0,0,0
52192.0,2021,8,0,0,1,0,0,0,0,0,0,0,0,0,0
56333.0,2021,9,0,0,1,0,0,0,0,0,0,0,0,0,0
60917.0,2021,10,0,0,1,0,0,0,0,0,0,0,0,0,0
62917.0,2021,11,0,0,1,0,0,0,0,0,0,0,0,0,0
66583.0,2021,12,0,0,1,0,0,0,0,0,0,0,0,0,0
70208.0,2022,1,0,0,1,0,0,0,0,0,0,0,0,0,0
63636.0,2022,2,0,0,1,0,0,0,0,0,0,0,0,0,0
56833.0,2022,3,0,0,1,0,0,0,0,0,0,0,0,0,0
61300.0,2022,4,0,0,1,0,0,0,0,0,0,0,0,0,0
80000.0,2022,5,0,0,1,0,0,0,0,0,0,0,0,0,0
88591.0,2022,6,0,0,1,0,0,0,0,0,0,0,0,0,0
99927.775,2022,7,0,0,1,0,0,0,0,0,0,0,0,0,0
99927.775,2022,8,0,0,1,0,0,0,0,0,0,0,0,0,0
99927.775,2022,9,0,0,1,0,0,0,0,0,0,0,0,0,0
99927.775,2022,10,0,0,1,0,0,0,0,0,0,0,0,0,0
99927.775,2022,11,0,0,1,0,0,0,0,0,0,0,0,0,0
99927.775,2022,12,0,0,1,0,0,0,0,0,0,0,0,0,0
99927.775,2023,1,0,0,1,0,0,0,0,0,0,0,0,0,0
99927.775,2023,2,0,0,1,0,0,0,0,0,0,0,0,0,0
99927.775,2023,3,0,0,1,0,0,0,0,0,0,0,0,0,0
99927.775,2023,4,0,0,1,0,0,0,0,0,0,0,0,0,0
99927.775,2023,5,0,0,1,0,0,0,0,0,0,0,0,0,0
34500.0,2015,3,0,0,0,0,0,0,0,0,1,0,0,0,0
48000.0,2015,4,0,0,0,0,0,0,0,0,1,0,0,0,0
42333.0,2015,5,0,0,0,0,0,0,0,0,1,0,0,0,0
45150.0,2020,4,0,0,0,0,0,0,0,0,1,0,0,0,0
40583.5,2020,5,0,0,0,0,0,0,0,0,1,0,0,0,0
49313.0,2020,6,0,0,0,0,0,0,0,0,1,0,0,0,0
61125.0,2020,7,0,0,0,0,0,0,0,0,1,0,0,0,0
68000.0,2020,8,0,0,0,0,0,0,0,0,1,0,0,0,0
52227.0,2020,9,0,0,0,0,0,0,0,0,1,0,0,0,0
51750.0,2020,10,0,0,0,0,0,0,0,0,1,0,0,0,0
54000.0,2020,11,0,0,0,0,0,0,0,0,1,0,0,0,0
57056.0,2020,12,0,0,0,0,0,0,0,0,1,0,0,0,0
54300.0,2021,1,0,0,0,0,0,0,0,0,1,0,0,0,0
36600.0,2021,2,0,0,0,0,0,0,0,0,1,0,0,0,0
40500.0,2021,3,0,0,0,0,0,0,0,0,1,0,0,0,0
32143.0,2021,4,0,0,0,0,0,0,0,0,1,0,0,0,0
28500.0,2021,5,0,0,0,0,0,0,0,0,1,0,0,0,0
30000.0,2021,6,0,0,0,0,0,0,0,0,1,0,0,0,0
30125.0,2021,7,0,0,0,0,0,0,0,0,1,0,0,0,0
29600.0,2021,8,0,0,0,0,0,0,0,0,1,0,0,0,0
34900.0,2021,9,0,0,0,0,0,0,0,0,1,0,0,0,0
39583.0,2021,11,0,0,0,0,0,0,0,0,1,0,0,0,0
50167.0,2021,12,0,0,0,0,0,0,0,0,1,0,0,0,0
64000.0,2022,1,0,0,0,0,0,0,0,0,1,0,0,0,0
64000.0,2022,2,0,0,0,0,0,0,0,0,1,0,0,0,0
64000.0,2022,3,0,0,0,0,0,0,0,0,1,0,0,0,0
56300.0,2022,4,0,0,0,0,0,0,0,0,1,0,0,0,0
52950.0,2022,5,0,0,0,0,0,0,0,0,1,0,0,0,0
68143.0,2022,6,0,0,0,0,0,0,0,0,1,0,0,0,0
87500.0,2022,7,0,0,0,0,0,0,0,0,1,0,0,0,0
86833.0,2022,8,0,0,0,0,0,0,0,0,1,0,0,0,0
93808.0,2022,9,0,0,0,0,0,0,0,0,1,0,0,0,0
97889.0,2022,10,0,0,0,0,0,0,0,0,1,0,0,0,0
99000.0,2022,11,0,0,0,0,0,0,0,0,1,0,0,0,0
99927.775,2022,12,0,0,0,0,0,0,0,0,1,0,0,0,0
99927.775,2023,1,0,0,0,0,0,0,0,0,1,0,0,0,0
99927.775,2023,2,0,0,0,0,0,0,0,0,1,0,0,0,0
99927.775,2023,3,0,0,0,0,0,0,0,0,1,0,0,0,0
67500.0,2023,4,0,0,0,0,0,0,0,0,1,0,0,0,0
67500.0,2023,5,0,0,0,0,0,0,0,0,1,0,0,0,0
36562.5,2006,1,0,1,0,0,0,0,0,0,0,0,0,0,0
32375.0,2006,2,0,1,0,0,0,0,0,0,0,0,0,0,0
23541.67,2006,3,0,1,0,0,0,0,0,0,0,0,0,0,0
15050.0,2006,4,0,1,0,0,0,0,0,0,0,0,0,0,0
12625.0,2006,5,0,1,0,0,0,0,0,0,0,0,0,0,0
17916.67,2006,6,0,1,0,0,0,0,0,0,0,0,0,0,0
16733.33,2006,7,0,1,0,0,0,0,0,0,0,0,0,0,0
11950.0,2006,8,0,1,0,0,0,0,0,0,0,0,0,0,0
12000.0,2006,9,0,1,0,0,0,0,0,0,0,0,0,0,0
11800.0,2006,10,0,1,0,0,0,0,0,0,0,0,0,0,0
12480.0,2006,11,0,1,0,0,0,0,0,0,0,0,0,0,0
13100.0,2006,12,0,1,0,0,0,0,0,0,0,0,0,0,0
12500.0,2007,1,0,1,0,0,0,0,0,0,0,0,0,0,0
10900.0,2007,2,0,1,0,0,0,0,0,0,0,0,0,0,0
10700.0,2007,3,0,1,0,0,0,0,0,0,0,0,0,0,0
9700.0,2007,4,0,1,0,0,0,0,0,0,0,0,0,0,0
10900.0,2007,5,0,1,0,0,0,0,0,0,0,0,0,0,0
10623.0,2007,6,0,1,0,0,0,0,0,0,0,0,0,0,0
11700.0,2007,7,0,1,0,0,0,0,0,0,0,0,0,0,0
12700.0,2007,8,0,1,0,0,0,0,0,0,0,0,0,0,0
16000.0,2007,9,0,1,0,0,0,0,0,0,0,0,0,0,0
14300.0,2007,10,0,1,0,0,0,0,0,0,0,0,0,0,0
18800.0,2007,11,0,1,0,0,0,0,0,0,0,0,0,0,0
20800.0,2007,12,0,1,0,0,0,0,0,0,0,0,0,0,0
31500.0,2008,1,0,1,0,0,0,0,0,0,0,0,0,0,0
30100.0,2008,2,0,1,0,0,0,0,0,0,0,0,0,0,0
29200.0,2008,3,0,1,0,0,0,0,0,0,0,0,0,0,0
27000.0,2008,4,0,1,0,0,0,0,0,0,0,0,0,0,0
23200.0,2008,5,0,1,0,0,0,0,0,0,0,0,0,0,0
27955.0,2008,6,0,1,0,0,0,0,0,0,0,0,0,0,0
26425.0,2008,7,0,1,0,0,0,0,0,0,0,0,0,0,0
28000.0,2008,8,0,1,0,0,0,0,0,0,0,0,0,0,0
26944.0,2008,9,0,1,0,0,0,0,0,0,0,0,0,0,0
29500.0,2008,10,0,1,0,0,0,0,0,0,0,0,0,0,0
29545.0,2008,11,0,1,0,0,0,0,0,0,0,0,0,0,0
35500.0,2008,12,0,1,0,0,0,0,0,0,0,0,0,0,0
36000.0,2009,1,0,1,0,0,0,0,0,0,0,0,0,0,0
42000.0,2009,2,0,1,0,0,0,0,0,0,0,0,0,0,0
42000.0,2009,3,0,1,0,0,0,0,0,0,0,0,0,0,0
37700.0,2009,4,0,1,0,0,0,0,0,0,0,0,0,0,0
37714.29,2009,5,0,1,0,0,0,0,0,0,0,0,0,0,0
38833.33,2009,6,0,1,0,0,0,0,0,0,0,0,0,0,0
33500.0,2009,8,0,1,0,0,0,0,0,0,0,0,0,0,0
39000.0,2009,9,0,1,0,0,0,0,0,0,0,0,0,0,0
39000.0,2009,10,0,1,0,0,0,0,0,0,0,0,0,0,0
38000.0,2009,11,0,1,0,0,0,0,0,0,0,0,0,0,0
42000.0,2009,12,0,1,0,0,0,0,0,0,0,0,0,0,0
42000.0,2010,1,0,1,0,0,0,0,0,0,0,0,0,0,0
45000.0,2010,2,0,1,0,0,0,0,0,0,0,0,0,0,0
45000.0,2010,3,0,1,0,0,0,0,0,0,0,0,0,0,0
36000.0,2010,4,0,1,0,0,0,0,0,0,0,0,0,0,0
29000.0,2010,5,0,1,0,0,0,0,0,0,0,0,0,0,0
25000.0,2010,6,0,1,0,0,0,0,0,0,0,0,0,0,0
22000.0,2010,7,0,1,0,0,0,0,0,0,0,0,0,0,0
22500.0,2010,8,0,1,0,0,0,0,0,0,0,0,0,0,0
26786.0,2010,9,0,1,0,0,0,0,0,0,0,0,0,0,0
31500.0,2010,10,0,1,0,0,0,0,0,0,0,0,0,0,0
31500.0,2010,11,0,1,0,0,0,0,0,0,0,0,0,0,0
30857.0,2010,12,0,1,0,0,0,0,0,0,0,0,0,0,0
28364.0,2011,1,0,1,0,0,0,0,0,0,0,0,0,0,0
31800.0,2011,2,0,1,0,0,0,0,0,0,0,0,0,0,0
35500.0,2011,3,0,1,0,0,0,0,0,0,0,0,0,0,0
37500.0,2011,4,0,1,0,0,0,0,0,0,0,0,0,0,0
42000.0,2011,5,0,1,0,0,0,0,0,0,0,0,0,0,0
42000.0,2011,6,0,1,0,0,0,0,0,0,0,0,0,0,0
30100.0,2011,7,0,1,0,0,0,0,0,0,0,0,0,0,0
37136.0,2011,8,0,1,0,0,0,0,0,0,0,0,0,0,0
39000.0,2011,9,0,1,0,0,0,0,0,0,0,0,0,0,0
40375.0,2011,10,0,1,0,0,0,0,0,0,0,0,0,0,0
38192.0,2011,11,0,1,0,0,0,0,0,0,0,0,0,0,0
36214.0,2011,12,0,1,0,0,0,0,0,0,0,0,0,0,0
44308.0,2012,1,0,1,0,0,0,0,0,0,0,0,0,0,0
44192.0,2012,2,0,1,0,0,0,0,0,0,0,0,0,0,0
46500.0,2012,3,0,1,0,0,0,0,0,0,0,0,0,0,0
51759.0,2012,4,0,1,0,0,0,0,0,0,0,0,0,0,0
56846.0,2012,5,0,1,0,0,0,0,0,0,0,0,0,0,0
46500.0,2012,6,0,1,0,0,0,0,0,0,0,0,0,0,0
49208.0,2012,7,0,1,0,0,0,0,0,0,0,0,0,0,0
50950.0,2012,8,0,1,0,0,0,0,0,0,0,0,0,0,0
56500.0,2012,9,0,1,0,0,0,0,0,0,0,0,0,0,0
57000.0,2012,10,0,1,0,0,0,0,0,0,0,0,0,0,0
58583.0,2012,11,0,1,0,0,0,0,0,0,0,0,0,0,0
69666.67,2012,12,0,1,0,0,0,0,0,0,0,0,0,0,0
75250.0,2013,1,0,1,0,0,0,0,0,0,0,0,0,0,0
75000.0,2013,2,0,1,0,0,0,0,0,0,0,0,0,0,0
75000.0,2013,3,0,1,0,0,0,0,0,0,0,0,0,0,0
75000.0,2013,4,0,1,0,0,0,0,0,0,0,0,0,0,0
64666.6,2013,5,0,1,0,0,0,0,0,0,0,0,0,0,0
44833.33,2013,6,0,1,0,0,0,0,0,0,0,0,0,0,0
45666.75,2013,7,0,1,0,0,0,0,0,0,0,0,0,0,0
48888.83,2013,8,0,1,0,0,0,0,0,0,0,0,0,0,0
43666.75,2013,9,0,1,0,0,0,0,0,0,0,0,0,0,0
47250.0,2013,10,0,1,0,0,0,0,0,0,0,0,0,0,0
46750.0,2013,11,0,1,0,0,0,0,0,0,0,0,0,0,0
47979.25,2013,12,0,1,0,0,0,0,0,0,0,0,0,0,0
47291.75,2014,1,0,1,0,0,0,0,0,0,0,0,0,0,0
47292.0,2014,2,0,1,0,0,0,0,0,0,0,0,0,0,0
41458.0,2014,3,0,1,0,0,0,0,0,0,0,0,0,0,0
45300.0,2014,4,0,1,0,0,0,0,0,0,0,0,0,0,0
47230.77,2014,5,0,1,0,0,0,0,0,0,0,0,0,0,0
46458.25,2014,6,0,1,0,0,0,0,0,0,0,0,0,0,0
40000.0,2014,7,0,1,0,0,0,0,0,0,0,0,0,0,0
39333.0,2014,8,0,1,0,0,0,0,0,0,0,0,0,0,0
46000.0,2014,9,0,1,0,0,0,0,0,0,0,0,0,0,0
45286.0,2014,11,0,1,0,0,0,0,0,0,0,0,0,0,0
32846.0,2014,12,0,1,0,0,0,0,0,0,0,0,0,0,0
31000.0,2015,1,0,1,0,0,0,0,0,0,0,0,0,0,0
33000.0,2015,2,0,1,0,0,0,0,0,0,0,0,0,0,0
38250.0,2015,3,0,1,0,0,0,0,0,0,0,0,0,0,0
50450.0,2015,4,0,1,0,0,0,0,0,0,0,0,0,0,0
48000.0,2015,5,0,1,0,0,0,0,0,0,0,0,0,0,0
51000.0,2015,6,0,1,0,0,0,0,0,0,0,0,0,0,0
52872.0,2015,7,0,1,0,0,0,0,0,0,0,0,0,0,0
61692.0,2015,8,0,1,0,0,0,0,0,0,0,0,0,0,0
69000.0,2015,9,0,1,0,0,0,0,0,0,0,0,0,0,0
70469.0,2015,10,0,1,0,0,0,0,0,0,0,0,0,0,0
69306.0,2015,11,0,1,0,0,0,0,0,0,0,0,0,0,0
67909.0,2015,12,0,1,0,0,0,0,0,0,0,0,0,0,0
66708.0,2016,1,0,1,0,0,0,0,0,0,0,0,0,0,0
66000.0,2016,2,0,1,0,0,0,0,0,0,0,0,0,0,0
65875.0,2016,3,0,1,0,0,0,0,0,0,0,0,0,0,0
59133.0,2016,4,0,1,0,0,0,0,0,0,0,0,0,0,0
51975.0,2016,5,0,1,0,0,0,0,0,0,0,0,0,0,0
44417.0,2016,6,0,1,0,0,0,0,0,0,0,0,0,0,0
48417.0,2016,7,0,1,0,0,0,0,0,0,0,0,0,0,0
46635.0,2016,8,0,1,0,0,0,0,0,0,0,0,0,0,0
47931.0,2016,9,0,1,0,0,0,0,0,0,0,0,0,0,0
64864.0,2016,10,0,1,0,0,0,0,0,0,0,0,0,0,0
66000.0,2016,11,0,1,0,0,0,0,0,0,0,0,0,0,0
74521.0,2016,12,0,1,0,0,0,0,0,0,0,0,0,0,0
91272.73,2017,1,0,1,0,0,0,0,0,0,0,0,0,0,0
99927.775,2017,2,0,1,0,0,0,0,0,0,0,0,0,0,0
99927.775,2017,3,0,1,0,0,0,0,0,0,0,0,0,0,0
95000.0,2017,4,0,1,0,0,0,0,0,0,0,0,0,0,0
99927.775,2017,5,0,1,0,0,0,0,0,0,0,0,0,0,0
80833.33,2017,6,0,1,0,0,0,0,0,0,0,0,0,0,0
58000.0,2017,7,0,1,0,0,0,0,0,0,0,0,0,0,0
61778.0,2017,8,0,1,0,0,0,0,0,0,0,0,0,0,0
43000.0,2018,6,0,1,0,0,0,0,0,0,0,0,0,0,0
43000.0,2018,7,0,1,0,0,0,0,0,0,0,0,0,0,0
39625.0,2018,8,0,1,0,0,0,0,0,0,0,0,0,0,0
36545.45,2018,9,0,1,0,0,0,0,0,0,0,0,0,0,0
36300.0,2018,11,0,1,0,0,0,0,0,0,0,0,0,0,0
36000.0,2018,12,0,1,0,0,0,0,0,0,0,0,0,0,0
38071.43,2019,1,0,1,0,0,0,0,0,0,0,0,0,0,0
50333.33,2019,2,0,1,0,0,0,0,0,0,0,0,0,0,0
48136.36,2019,3,0,1,0,0,0,0,0,0,0,0,0,0,0
60000.0,2019,4,0,1,0,0,0,0,0,0,0,0,0,0,0
60000.0,2019,5,0,1,0,0,0,0,0,0,0,0,0,0,0
69333.33,2019,6,0,1,0,0,0,0,0,0,0,0,0,0,0
72000.0,2019,7,0,1,0,0,0,0,0,0,0,0,0,0,0
78545.45,2019,8,0,1,0,0,0,0,0,0,0,0,0,0,0
84454.55,2019,9,0,1,0,0,0,0,0,0,0,0,0,0,0
95727.27,2019,10,0,1,0,0,0,0,0,0,0,0,0,0,0
96000.0,2019,11,0,1,0,0,0,0,0,0,0,0,0,0,0
96000.0,2019,12,0,1,0,0,0,0,0,0,0,0,0,0,0
99681.82,2020,1,0,1,0,0,0,0,0,0,0,0,0,0,0
99927.775,2020,2,0,1,0,0,0,0,0,0,0,0,0,0,0
84192.31,2020,3,0,1,0,0,0,0,0,0,0,0,0,0,0
61700.0,2020,4,0,1,0,0,0,0,0,0,0,0,0,0,0
62143.0,2020,5,0,1,0,0,0,0,0,0,0,0,0,0,0
52500.0,2020,6,0,1,0,0,0,0,0,0,0,0,0,0,0
62063.0,2020,7,0,1,0,0,0,0,0,0,0,0,0,0,0
63167.0,2020,8,0,1,0,0,0,0,0,0,0,0,0,0,0
63318.0,2020,9,0,1,0,0,0,0,0,0,0,0,0,0,0
63850.0,2020,10,0,1,0,0,0,0,0,0,0,0,0,0,0
66000.0,2020,11,0,1,0,0,0,0,0,0,0,0,0,0,0
64667.0,2020,12,0,1,0,0,0,0,0,0,0,0,0,0,0
58500.0,2021,1,0,1,0,0,0,0,0,0,0,0,0,0,0
55000.0,2021,2,0,1,0,0,0,0,0,0,0,0,0,0,0
54167.0,2021,3,0,1,0,0,0,0,0,0,0,0,0,0,0
39750.0,2021,4,0,1,0,0,0,0,0,0,0,0,0,0,0
37500.0,2021,5,0,1,0,0,0,0,0,0,0,0,0,0,0
40227.0,2021,6,0,1,0,0,0,0,0,0,0,0,0,0,0
44591.0,2021,7,0,1,0,0,0,0,0,0,0,0,0,0,0
45000.0,2021,8,0,1,0,0,0,0,0,0,0,0,0,0,0
44423.0,2021,9,0,1,0,0,0,0,0,0,0,0,0,0,0
50625.0,2021,10,0,1,0,0,0,0,0,0,0,0,0,0,0
54583.0,2021,11,0,1,0,0,0,0,0,0,0,0,0,0,0
56250.0,2021,12,0,1,0,0,0,0,0,0,0,0,0,0,0
66833.0,2022,1,0,1,0,0,0,0,0,0,0,0,0,0,0
64909.0,2022,2,0,1,0,0,0,0,0,0,0,0,0,0,0
60542.0,2022,3,0,1,0,0,0,0,0,0,0,0,0,0,0
70556.0,2022,4,0,1,0,0,0,0,0,0,0,0,0,0,0
76864.0,2022,5,0,1,0,0,0,0,0,0,0,0,0,0,0
83304.0,2022,6,0,1,0,0,0,0,0,0,0,0,0,0,0
92364.0,2022,7,0,1,0,0,0,0,0,0,0,0,0,0,0
87292.0,2022,8,0,1,0,0,0,0,0,0,0,0,0,0,0
99927.775,2022,9,0,1,0,0,0,0,0,0,0,0,0,0,0
99927.775,2022,10,0,1,0,0,0,0,0,0,0,0,0,0,0
99927.775,2022,11,0,1,0,0,0,0,0,0,0,0,0,0,0
99927.775,2022,12,0,1,0,0,0,0,0,0,0,0,0,0,0
99927.775,2023,5,0,1,0,0,0,0,0,0,0,0,0,0,0
31605.0,2006,1,0,0,0,0,0,0,0,0,0,0,1,0,0
31600.0,2006,2,0,0,0,0,0,0,0,0,0,0,1,0,0
33058.33,2006,3,0,0,0,0,0,0,0,0,0,0,1,0,0
34812.5,2006,4,0,0,0,0,0,0,0,0,0,0,1,0,0
37895.83,2006,5,0,0,0,0,0,0,0,0,0,0,1,0,0
35333.33,2006,6,0,0,0,0,0,0,0,0,0,0,1,0,0
23800.0,2006,7,0,0,0,0,0,0,0,0,0,0,1,0,0
18576.92,2006,8,0,0,0,0,0,0,0,0,0,0,1,0,0
19479.17,2006,9,0,0,0,0,0,0,0,0,0,0,1,0,0
22375.0,2006,10,0,0,0,0,0,0,0,0,0,0,1,0,0
27125.0,2006,11,0,0,0,0,0,0,0,0,0,0,1,0,0
27250.0,2006,12,0,0,0,0,0,0,0,0,0,0,1,0,0
28300.0,2007,1,0,0,0,0,0,0,0,0,0,0,1,0,0
25300.0,2007,2,0,0,0,0,0,0,0,0,0,0,1,0,0
23300.0,2007,3,0,0,0,0,0,0,0,0,0,0,1,0,0
21500.0,2007,4,0,0,0,0,0,0,0,0,0,0,1,0,0
17600.0,2007,5,0,0,0,0,0,0,0,0,0,0,1,0,0
19400.0,2007,6,0,0,0,0,0,0,0,0,0,0,1,0,0
17900.0,2007,7,0,0,0,0,0,0,0,0,0,0,1,0,0
18400.0,2007,8,0,0,0,0,0,0,0,0,0,0,1,0,0
19100.0,2007,9,0,0,0,0,0,0,0,0,0,0,1,0,0
20000.0,2007,10,0,0,0,0,0,0,0,0,0,0,1,0,0
21200.0,2007,11,0,0,0,0,0,0,0,0,0,0,1,0,0
27700.0,2007,12,0,0,0,0,0,0,0,0,0,0,1,0,0
34200.0,2008,1,0,0,0,0,0,0,0,0,0,0,1,0,0
31000.0,2008,2,0,0,0,0,0,0,0,0,0,0,1,0,0
28600.0,2008,3,0,0,0,0,0,0,0,0,0,0,1,0,0
28100.0,2008,4,0,0,0,0,0,0,0,0,0,0,1,0,0
27400.0,2008,5,0,0,0,0,0,0,0,0,0,0,1,0,0
34792.0,2008,6,0,0,0,0,0,0,0,0,0,0,1,0,0
35181.82,2008,7,0,0,0,0,0,0,0,0,0,0,1,0,0
34000.0,2008,8,0,0,0,0,0,0,0,0,0,0,1,0,0
39500.0,2008,12,0,0,0,0,0,0,0,0,0,0,1,0,0
40000.0,2009,1,0,0,0,0,0,0,0,0,0,0,1,0,0
38000.0,2009,2,0,0,0,0,0,0,0,0,0,0,1,0,0
38000.0,2009,3,0,0,0,0,0,0,0,0,0,0,1,0,0
37365.0,2009,4,0,0,0,0,0,0,0,0,0,0,1,0,0
38500.0,2009,5,0,0,0,0,0,0,0,0,0,0,1,0,0
39633.33,2009,6,0,0,0,0,0,0,0,0,0,0,1,0,0
40000.0,2009,8,0,0,0,0,0,0,0,0,0,0,1,0,0
40000.0,2009,9,0,0,0,0,0,0,0,0,0,0,1,0,0
45000.0,2009,10,0,0,0,0,0,0,0,0,0,0,1,0,0
55000.0,2009,11,0,0,0,0,0,0,0,0,0,0,1,0,0
55000.0,2009,12,0,0,0,0,0,0,0,0,0,0,1,0,0
55000.0,2010,1,0,0,0,0,0,0,0,0,0,0,1,0,0
38000.0,2010,2,0,0,0,0,0,0,0,0,0,0,1,0,0
40000.0,2010,3,0,0,0,0,0,0,0,0,0,0,1,0,0
30000.0,2010,4,0,0,0,0,0,0,0,0,0,0,1,0,0
30000.0,2010,5,0,0,0,0,0,0,0,0,0,0,1,0,0
25000.0,2010,6,0,0,0,0,0,0,0,0,0,0,1,0,0
27917.0,2010,7,0,0,0,0,0,0,0,0,0,0,1,0,0
30000.0,2010,8,0,0,0,0,0,0,0,0,0,0,1,0,0
30714.0,2010,9,0,0,0,0,0,0,0,0,0,0,1,0,0
33077.0,2010,10,0,0,0,0,0,0,0,0,0,0,1,0,0
35500.0,2010,11,0,0,0,0,0,0,0,0,0,0,1,0,0
40714.0,2010,12,0,0,0,0,0,0,0,0,0,0,1,0,0
40625.0,2011,1,0,0,0,0,0,0,0,0,0,0,1,0,0
45600.0,2011,2,0,0,0,0,0,0,0,0,0,0,1,0,0
52433.4,2011,3,0,0,0,0,0,0,0,0,0,0,1,0,0
57000.0,2011,4,0,0,0,0,0,0,0,0,0,0,1,0,0
48500.0,2011,5,0,0,0,0,0,0,0,0,0,0,1,0,0
63000.0,2011,6,0,0,0,0,0,0,0,0,0,0,1,0,0
67308.0,2011,7,0,0,0,0,0,0,0,0,0,0,1,0,0
53800.0,2011,8,0,0,0,0,0,0,0,0,0,0,1,0,0
53125.0,2011,9,0,0,0,0,0,0,0,0,0,0,1,0,0
49583.0,2011,10,0,0,0,0,0,0,0,0,0,0,1,0,0
53462.0,2011,11,0,0,0,0,0,0,0,0,0,0,1,0,0
56014.0,2011,12,0,0,0,0,0,0,0,0,0,0,1,0,0
52231.0,2012,1,0,0,0,0,0,0,0,0,0,0,1,0,0
39231.0,2012,2,0,0,0,0,0,0,0,0,0,0,1,0,0
39444.0,2012,3,0,0,0,0,0,0,0,0,0,0,1,0,0
51364.0,2012,4,0,0,0,0,0,0,0,0,0,0,1,0,0
57885.0,2012,5,0,0,0,0,0,0,0,0,0,0,1,0,0
49550.0,2012,6,0,0,0,0,0,0,0,0,0,0,1,0,0
48846.0,2012,7,0,0,0,0,0,0,0,0,0,0,1,0,0
52250.0,2012,8,0,0,0,0,0,0,0,0,0,0,1,0,0
62500.0,2012,9,0,0,0,0,0,0,0,0,0,0,1,0,0
64800.0,2012,10,0,0,0,0,0,0,0,0,0,0,1,0,0
72500.0,2013,1,0,0,0,0,0,0,0,0,0,0,1,0,0
66000.0,2013,2,0,0,0,0,0,0,0,0,0,0,1,0,0
52916.75,2013,3,0,0,0,0,0,0,0,0,0,0,1,0,0
56500.0,2013,4,0,0,0,0,0,0,0,0,0,0,1,0,0
55800.0,2013,5,0,0,0,0,0,0,0,0,0,0,1,0,0
50511.33,2013,6,0,0,0,0,0,0,0,0,0,0,1,0,0
60000.0,2013,7,0,0,0,0,0,0,0,0,0,0,1,0,0
62000.0,2013,8,0,0,0,0,0,0,0,0,0,0,1,0,0
63500.0,2013,9,0,0,0,0,0,0,0,0,0,0,1,0,0
67666.75,2013,10,0,0,0,0,0,0,0,0,0,0,1,0,0
75416.75,2013,11,0,0,0,0,0,0,0,0,0,0,1,0,0
70625.0,2013,12,0,0,0,0,0,0,0,0,0,0,1,0,0
81000.0,2014,1,0,0,0,0,0,0,0,0,0,0,1,0,0
81000.0,2014,2,0,0,0,0,0,0,0,0,0,0,1,0,0
64917.0,2014,3,0,0,0,0,0,0,0,0,0,0,1,0,0
55000.0,2014,4,0,0,0,0,0,0,0,0,0,0,1,0,0
58230.77,2014,5,0,0,0,0,0,0,0,0,0,0,1,0,0
59250.0,2014,6,0,0,0,0,0,0,0,0,0,0,1,0,0
54364.0,2014,7,0,0,0,0,0,0,0,0,0,0,1,0,0
51708.0,2014,8,0,0,0,0,0,0,0,0,0,0,1,0,0
53923.0,2014,9,0,0,0,0,0,0,0,0,0,0,1,0,0
55214.0,2014,11,0,0,0,0,0,0,0,0,0,0,1,0,0
53846.0,2014,12,0,0,0,0,0,0,0,0,0,0,1,0,0
44455.0,2015,1,0,0,0,0,0,0,0,0,0,0,1,0,0
49375.0,2015,2,0,0,0,0,0,0,0,0,0,0,1,0,0
40455.0,2015,3,0,0,0,0,0,0,0,0,0,0,1,0,0
51727.0,2015,4,0,0,0,0,0,0,0,0,0,0,1,0,0
57000.0,2015,5,0,0,0,0,0,0,0,0,0,0,1,0,0
56000.0,2015,6,0,0,0,0,0,0,0,0,0,0,1,0,0
54400.0,2015,7,0,0,0,0,0,0,0,0,0,0,1,0,0
56722.0,2015,8,0,0,0,0,0,0,0,0,0,0,1,0,0
59625.0,2015,9,0,0,0,0,0,0,0,0,0,0,1,0,0
71667.0,2015,10,0,0,0,0,0,0,0,0,0,0,1,0,0
72888.89,2016,2,0,0,0,0,0,0,0,0,0,0,1,0,0
65000.0,2016,3,0,0,0,0,0,0,0,0,0,0,1,0,0
67250.0,2016,4,0,0,0,0,0,0,0,0,0,0,1,0,0
68333.0,2016,5,0,0,0,0,0,0,0,0,0,0,1,0,0
69167.0,2016,6,0,0,0,0,0,0,0,0,0,0,1,0,0
72500.0,2016,7,0,0,0,0,0,0,0,0,0,0,1,0,0
72500.0,2016,8,0,0,0,0,0,0,0,0,0,0,1,0,0
70500.0,2016,9,0,0,0,0,0,0,0,0,0,0,1,0,0
71000.0,2016,10,0,0,0,0,0,0,0,0,0,0,1,0,0
79318.0,2016,11,0,0,0,0,0,0,0,0,0,0,1,0,0
82500.0,2016,12,0,0,0,0,0,0,0,0,0,0,1,0,0
99927.775,2017,1,0,0,0,0,0,0,0,0,0,0,1,0,0
99927.775,2017,2,0,0,0,0,0,0,0,0,0,0,1,0,0
99927.775,2017,3,0,0,0,0,0,0,0,0,0,0,1,0,0
99927.775,2017,4,0,0,0,0,0,0,0,0,0,0,1,0,0
99927.775,2017,5,0,0,0,0,0,0,0,0,0,0,1,0,0
90312.5,2017,6,0,0,0,0,0,0,0,0,0,0,1,0,0
80000.0,2017,7,0,0,0,0,0,0,0,0,0,0,1,0,0
76250.0,2017,8,0,0,0,0,0,0,0,0,0,0,1,0,0
67500.0,2017,9,0,0,0,0,0,0,0,0,0,0,1,0,0
72500.0,2017,10,0,0,0,0,0,0,0,0,0,0,1,0,0
65000.0,2018,1,0,0,0,0,0,0,0,0,0,0,1,0,0
59166.67,2018,2,0,0,0,0,0,0,0,0,0,0,1,0,0
52500.0,2018,3,0,0,0,0,0,0,0,0,0,0,1,0,0
52500.0,2018,4,0,0,0,0,0,0,0,0,0,0,1,0,0
50000.0,2018,5,0,0,0,0,0,0,0,0,0,0,1,0,0
47500.0,2018,6,0,0,0,0,0,0,0,0,0,0,1,0,0
47500.0,2018,7,0,0,0,0,0,0,0,0,0,0,1,0,0
47500.0,2018,8,0,0,0,0,0,0,0,0,0,0,1,0,0
47500.0,2018,9,0,0,0,0,0,0,0,0,0,0,1,0,0
52500.0,2018,10,0,0,0,0,0,0,0,0,0,0,1,0,0
50568.18,2018,11,0,0,0,0,0,0,0,0,0,0,1,0,0
50000.0,2018,12,0,0,0,0,0,0,0,0,0,0,1,0,0
50000.0,2019,1,0,0,0,0,0,0,0,0,0,0,1,0,0
50000.0,2019,2,0,0,0,0,0,0,0,0,0,0,1,0,0
65000.0,2019,3,0,0,0,0,0,0,0,0,0,0,1,0,0
63500.0,2019,4,0,0,0,0,0,0,0,0,0,0,1,0,0
64333.33,2019,5,0,0,0,0,0,0,0,0,0,0,1,0,0
65000.0,2019,6,0,0,0,0,0,0,0,0,0,0,1,0,0
69090.91,2019,7,0,0,0,0,0,0,0,0,0,0,1,0,0
71454.55,2019,8,0,0,0,0,0,0,0,0,0,0,1,0,0
77545.45,2019,9,0,0,0,0,0,0,0,0,0,0,1,0,0
88125.0,2019,10,0,0,0,0,0,0,0,0,0,0,1,0,0
90000.0,2019,11,0,0,0,0,0,0,0,0,0,0,1,0,0
92500.0,2019,12,0,0,0,0,0,0,0,0,0,0,1,0,0
92500.0,2020,1,0,0,0,0,0,0,0,0,0,0,1,0,0
69166.67,2020,2,0,0,0,0,0,0,0,0,0,0,1,0,0
45384.62,2020,3,0,0,0,0,0,0,0,0,0,0,1,0,0
44000.0,2020,4,0,0,0,0,0,0,0,0,0,0,1,0,0
50000.0,2020,5,0,0,0,0,0,0,0,0,0,0,1,0,0
60000.0,2020,6,0,0,0,0,0,0,0,0,0,0,1,0,0
57583.0,2020,7,0,0,0,0,0,0,0,0,0,0,1,0,0
57500.0,2020,8,0,0,0,0,0,0,0,0,0,0,1,0,0
59375.0,2020,9,0,0,0,0,0,0,0,0,0,0,1,0,0
63750.0,2020,10,0,0,0,0,0,0,0,0,0,0,1,0,0
64214.0,2020,11,0,0,0,0,0,0,0,0,0,0,1,0,0
63500.0,2020,12,0,0,0,0,0,0,0,0,0,0,1,0,0
57500.0,2021,1,0,0,0,0,0,0,0,0,0,0,1,0,0
52500.0,2021,2,0,0,0,0,0,0,0,0,0,0,1,0,0
52500.0,2021,3,0,0,0,0,0,0,0,0,0,0,1,0,0
52500.0,2021,4,0,0,0,0,0,0,0,0,0,0,1,0,0
52500.0,2021,5,0,0,0,0,0,0,0,0,0,0,1,0,0
52500.0,2021,6,0,0,0,0,0,0,0,0,0,0,1,0,0
59000.0,2021,7,0,0,0,0,0,0,0,0,0,0,1,0,0
62500.0,2021,8,0,0,0,0,0,0,0,0,0,0,1,0,0
62500.0,2021,9,0,0,0,0,0,0,0,0,0,0,1,0,0
62500.0,2021,10,0,0,0,0,0,0,0,0,0,0,1,0,0
62500.0,2021,11,0,0,0,0,0,0,0,0,0,0,1,0,0
62500.0,2021,12,0,0,0,0,0,0,0,0,0,0,1,0,0
65000.0,2022,3,0,0,0,0,0,0,0,0,0,0,1,0,0
66750.0,2022,4,0,0,0,0,0,0,0,0,0,0,1,0,0
75000.0,2022,5,0,0,0,0,0,0,0,0,0,0,1,0,0
92500.0,2022,6,0,0,0,0,0,0,0,0,0,0,1,0,0
99927.775,2022,7,0,0,0,0,0,0,0,0,0,0,1,0,0
99927.775,2022,8,0,0,0,0,0,0,0,0,0,0,1,0,0
99927.775,2022,9,0,0,0,0,0,0,0,0,0,0,1,0,0
99927.775,2023,2,0,0,0,0,0,0,0,0,0,0,1,0,0
99927.775,2023,3,0,0,0,0,0,0,0,0,0,0,1,0,0
99927.775,2023,4,0,0,0,0,0,0,0,0,0,0,1,0,0
33033.33,2006,1,0,0,0,0,0,0,0,1,0,0,0,0,0
32625.0,2006,2,0,0,0,0,0,0,0,1,0,0,0,0,0
40208.33,2006,3,0,0,0,0,0,0,0,1,0,0,0,0,0
36743.75,2006,4,0,0,0,0,0,0,0,1,0,0,0,0,0
34404.17,2006,5,0,0,0,0,0,0,0,1,0,0,0,0,0
28825.0,2006,6,0,0,0,0,0,0,0,1,0,0,0,0,0
20600.0,2006,7,0,0,0,0,0,0,0,1,0,0,0,0,0
21271.43,2006,8,0,0,0,0,0,0,0,1,0,0,0,0,0
17975.0,2006,9,0,0,0,0,0,0,0,1,0,0,0,0,0
18250.0,2006,10,0,0,0,0,0,0,0,1,0,0,0,0,0
9955.56,2006,11,0,0,0,0,0,0,0,1,0,0,0,0,0
10485.71,2006,12,0,0,0,0,0,0,0,1,0,0,0,0,0
16400.0,2007,1,0,0,0,0,0,0,0,1,0,0,0,0,0
15500.0,2007,2,0,0,0,0,0,0,0,1,0,0,0,0,0
14800.0,2007,3,0,0,0,0,0,0,0,1,0,0,0,0,0
15300.0,2007,4,0,0,0,0,0,0,0,1,0,0,0,0,0
15500.0,2007,5,0,0,0,0,0,0,0,1,0,0,0,0,0
14400.0,2007,6,0,0,0,0,0,0,0,1,0,0,0,0,0
14100.0,2007,7,0,0,0,0,0,0,0,1,0,0,0,0,0
15600.0,2007,8,0,0,0,0,0,0,0,1,0,0,0,0,0
18800.0,2007,9,0,0,0,0,0,0,0,1,0,0,0,0,0
21500.0,2007,10,0,0,0,0,0,0,0,1,0,0,0,0,0
23900.0,2007,11,0,0,0,0,0,0,0,1,0,0,0,0,0
26000.0,2007,12,0,0,0,0,0,0,0,1,0,0,0,0,0
38100.0,2008,1,0,0,0,0,0,0,0,1,0,0,0,0,0
37800.0,2008,2,0,0,0,0,0,0,0,1,0,0,0,0,0
37900.0,2008,3,0,0,0,0,0,0,0,1,0,0,0,0,0
36700.0,2008,4,0,0,0,0,0,0,0,1,0,0,0,0,0
31400.0,2008,5,0,0,0,0,0,0,0,1,0,0,0,0,0
30829.0,2008,6,0,0,0,0,0,0,0,1,0,0,0,0,0
29577.78,2008,7,0,0,0,0,0,0,0,1,0,0,0,0,0
31700.0,2008,8,0,0,0,0,0,0,0,1,0,0,0,0,0
30508.0,2008,9,0,0,0,0,0,0,0,1,0,0,0,0,0
31804.0,2008,10,0,0,0,0,0,0,0,1,0,0,0,0,0
36750.0,2008,11,0,0,0,0,0,0,0,1,0,0,0,0,0
44000.0,2008,12,0,0,0,0,0,0,0,1,0,0,0,0,0
44500.0,2009,1,0,0,0,0,0,0,0,1,0,0,0,0,0
45000.0,2009,2,0,0,0,0,0,0,0,1,0,0,0,0,0
45000.0,2009,3,0,0,0,0,0,0,0,1,0,0,0,0,0
42730.0,2009,4,0,0,0,0,0,0,0,1,0,0,0,0,0
43437.5,2009,5,0,0,0,0,0,0,0,1,0,0,0,0,0
41491.67,2009,6,0,0,0,0,0,0,0,1,0,0,0,0,0
40000.0,2009,8,0,0,0,0,0,0,0,1,0,0,0,0,0
40300.0,2009,9,0,0,0,0,0,0,0,1,0,0,0,0,0
41500.0,2009,10,0,0,0,0,0,0,0,1,0,0,0,0,0
45000.0,2009,11,0,0,0,0,0,0,0,1,0,0,0,0,0
45500.0,2009,12,0,0,0,0,0,0,0,1,0,0,0,0,0
53100.0,2010,1,0,0,0,0,0,0,0,1,0,0,0,0,0
53000.0,2010,2,0,0,0,0,0,0,0,1,0,0,0,0,0
41000.0,2010,3,0,0,0,0,0,0,0,1,0,0,0,0,0
35000.0,2010,4,0,0,0,0,0,0,0,1,0,0,0,0,0
30900.0,2010,5,0,0,0,0,0,0,0,1,0,0,0,0,0
34038.0,2010,6,0,0,0,0,0,0,0,1,0,0,0,0,0
31583.0,2010,7,0,0,0,0,0,0,0,1,0,0,0,0,0
32613.0,2010,8,0,0,0,0,0,0,0,1,0,0,0,0,0
30407.0,2010,9,0,0,0,0,0,0,0,1,0,0,0,0,0
29733.0,2010,10,0,0,0,0,0,0,0,1,0,0,0,0,0
32100.0,2010,11,0,0,0,0,0,0,0,1,0,0,0,0,0
38729.0,2010,12,0,0,0,0,0,0,0,1,0,0,0,0,0
43875.0,2011,1,0,0,0,0,0,0,0,1,0,0,0,0,0
39806.0,2011,2,0,0,0,0,0,0,0,1,0,0,0,0,0
63120.0,2011,3,0,0,0,0,0,0,0,1,0,0,0,0,0
43883.0,2011,4,0,0,0,0,0,0,0,1,0,0,0,0,0
41000.0,2011,5,0,0,0,0,0,0,0,1,0,0,0,0,0
42400.0,2011,6,0,0,0,0,0,0,0,1,0,0,0,0,0
41413.0,2011,7,0,0,0,0,0,0,0,1,0,0,0,0,0
40332.0,2011,8,0,0,0,0,0,0,0,1,0,0,0,0,0
38597.0,2011,9,0,0,0,0,0,0,0,1,0,0,0,0,0
40107.0,2011,10,0,0,0,0,0,0,0,1,0,0,0,0,0
38214.0,2011,11,0,0,0,0,0,0,0,1,0,0,0,0,0
38786.0,2011,12,0,0,0,0,0,0,0,1,0,0,0,0,0
41336.0,2012,1,0,0,0,0,0,0,0,1,0,0,0,0,0
41659.0,2012,2,0,0,0,0,0,0,0,1,0,0,0,0,0
43747.0,2012,3,0,0,0,0,0,0,0,1,0,0,0,0,0
47551.0,2012,4,0,0,0,0,0,0,0,1,0,0,0,0,0
57349.0,2012,5,0,0,0,0,0,0,0,1,0,0,0,0,0
48940.0,2012,6,0,0,0,0,0,0,0,1,0,0,0,0,0
44774.0,2012,7,0,0,0,0,0,0,0,1,0,0,0,0,0
43474.8,2012,8,0,0,0,0,0,0,0,1,0,0,0,0,0
49647.88,2012,9,0,0,0,0,0,0,0,1,0,0,0,0,0
57718.0,2012,10,0,0,0,0,0,0,0,1,0,0,0,0,0
69083.0,2012,11,0,0,0,0,0,0,0,1,0,0,0,0,0
78539.44,2012,12,0,0,0,0,0,0,0,1,0,0,0,0,0
79590.0,2013,1,0,0,0,0,0,0,0,1,0,0,0,0,0
80096.55,2013,2,0,0,0,0,0,0,0,1,0,0,0,0,0
76363.75,2013,3,0,0,0,0,0,0,0,1,0,0,0,0,0
72672.5,2013,4,0,0,0,0,0,0,0,1,0,0,0,0,0
59480.8,2013,5,0,0,0,0,0,0,0,1,0,0,0,0,0
48931.0,2013,6,0,0,0,0,0,0,0,1,0,0,0,0,0
48133.0,2013,7,0,0,0,0,0,0,0,1,0,0,0,0,0
48849.83,2013,8,0,0,0,0,0,0,0,1,0,0,0,0,0
53100.0,2013,9,0,0,0,0,0,0,0,1,0,0,0,0,0
48083.25,2013,10,0,0,0,0,0,0,0,1,0,0,0,0,0
53791.75,2013,11,0,0,0,0,0,0,0,1,0,0,0,0,0
55000.0,2013,12,0,0,0,0,0,0,0,1,0,0,0,0,0
57083.25,2014,1,0,0,0,0,0,0,0,1,0,0,0,0,0
57000.0,2014,2,0,0,0,0,0,0,0,1,0,0,0,0,0
47233.0,2014,3,0,0,0,0,0,0,0,1,0,0,0,0,0
48275.0,2014,4,0,0,0,0,0,0,0,1,0,0,0,0,0
53223.08,2014,5,0,0,0,0,0,0,0,1,0,0,0,0,0
69665.75,2014,6,0,0,0,0,0,0,0,1,0,0,0,0,0
33795.0,2014,7,0,0,0,0,0,0,0,1,0,0,0,0,0
30683.0,2014,8,0,0,0,0,0,0,0,1,0,0,0,0,0
33754.0,2014,9,0,0,0,0,0,0,0,1,0,0,0,0,0
34229.0,2014,11,0,0,0,0,0,0,0,1,0,0,0,0,0
34369.0,2014,12,0,0,0,0,0,0,0,1,0,0,0,0,0
34280.0,2015,1,0,0,0,0,0,0,0,1,0,0,0,0,0
33238.0,2015,2,0,0,0,0,0,0,0,1,0,0,0,0,0
39500.0,2015,3,0,0,0,0,0,0,0,1,0,0,0,0,0
49182.0,2015,4,0,0,0,0,0,0,0,1,0,0,0,0,0
52208.0,2015,5,0,0,0,0,0,0,0,1,0,0,0,0,0
55889.0,2015,6,0,0,0,0,0,0,0,1,0,0,0,0,0
55231.0,2015,7,0,0,0,0,0,0,0,1,0,0,0,0,0
49850.0,2015,8,0,0,0,0,0,0,0,1,0,0,0,0,0
56500.0,2015,9,0,0,0,0,0,0,0,1,0,0,0,0,0
59770.0,2015,10,0,0,0,0,0,0,0,1,0,0,0,0,0
78000.0,2015,11,0,0,0,0,0,0,0,1,0,0,0,0,0
70455.0,2015,12,0,0,0,0,0,0,0,1,0,0,0,0,0
68000.0,2016,1,0,0,0,0,0,0,0,1,0,0,0,0,0
57350.0,2016,2,0,0,0,0,0,0,0,1,0,0,0,0,0
64333.0,2016,3,0,0,0,0,0,0,0,1,0,0,0,0,0
61614.0,2016,4,0,0,0,0,0,0,0,1,0,0,0,0,0
59122.0,2016,5,0,0,0,0,0,0,0,1,0,0,0,0,0
60500.0,2016,6,0,0,0,0,0,0,0,1,0,0,0,0,0
57667.0,2016,7,0,0,0,0,0,0,0,1,0,0,0,0,0
60000.0,2016,8,0,0,0,0,0,0,0,1,0,0,0,0,0
59333.0,2016,9,0,0,0,0,0,0,0,1,0,0,0,0,0
77844.0,2016,10,0,0,0,0,0,0,0,1,0,0,0,0,0
85425.0,2016,11,0,0,0,0,0,0,0,1,0,0,0,0,0
99927.775,2016,12,0,0,0,0,0,0,0,1,0,0,0,0,0
99927.775,2017,1,0,0,0,0,0,0,0,1,0,0,0,0,0
99927.775,2017,2,0,0,0,0,0,0,0,1,0,0,0,0,0
99927.775,2017,3,0,0,0,0,0,0,0,1,0,0,0,0,0
99927.775,2017,4,0,0,0,0,0,0,0,1,0,0,0,0,0
99927.775,2017,5,0,0,0,0,0,0,0,1,0,0,0,0,0
64157.73,2017,6,0,0,0,0,0,0,0,1,0,0,0,0,0
52620.17,2017,7,0,0,0,0,0,0,0,1,0,0,0,0,0
51172.0,2017,8,0,0,0,0,0,0,0,1,0,0,0,0,0
51650.0,2017,9,0,0,0,0,0,0,0,1,0,0,0,0,0
49300.0,2017,10,0,0,0,0,0,0,0,1,0,0,0,0,0
46865.0,2017,11,0,0,0,0,0,0,0,1,0,0,0,0,0
44154.25,2018,2,0,0,0,0,0,0,0,1,0,0,0,0,0
46733.5,2018,3,0,0,0,0,0,0,0,1,0,0,0,0,0
46964.0,2018,4,0,0,0,0,0,0,0,1,0,0,0,0,0
47800.0,2018,5,0,0,0,0,0,0,0,1,0,0,0,0,0
46966.67,2018,6,0,0,0,0,0,0,0,1,0,0,0,0,0
45366.67,2018,7,0,0,0,0,0,0,0,1,0,0,0,0,0
42500.0,2018,8,0,0,0,0,0,0,0,1,0,0,0,0,0
37301.14,2018,9,0,0,0,0,0,0,0,1,0,0,0,0,0
35159.56,2018,10,0,0,0,0,0,0,0,1,0,0,0,0,0
40511.73,2018,11,0,0,0,0,0,0,0,1,0,0,0,0,0
43736.67,2018,12,0,0,0,0,0,0,0,1,0,0,0,0,0
47643.6,2019,1,0,0,0,0,0,0,0,1,0,0,0,0,0
47828.0,2019,2,0,0,0,0,0,0,0,1,0,0,0,0,0
46159.09,2019,3,0,0,0,0,0,0,0,1,0,0,0,0,0
51833.33,2019,4,0,0,0,0,0,0,0,1,0,0,0,0,0
61383.71,2019,5,0,0,0,0,0,0,0,1,0,0,0,0,0
64909.56,2019,6,0,0,0,0,0,0,0,1,0,0,0,0,0
68923.82,2019,7,0,0,0,0,0,0,0,1,0,0,0,0,0
65011.27,2019,8,0,0,0,0,0,0,0,1,0,0,0,0,0
69690.0,2019,9,0,0,0,0,0,0,0,1,0,0,0,0,0
84695.45,2019,10,0,0,0,0,0,0,0,1,0,0,0,0,0
93962.5,2019,11,0,0,0,0,0,0,0,1,0,0,0,0,0
80959.6,2019,12,0,0,0,0,0,0,0,1,0,0,0,0,0
92673.36,2020,1,0,0,0,0,0,0,0,1,0,0,0,0,0
79255.96,2020,2,0,0,0,0,0,0,0,1,0,0,0,0,0
60546.5,2020,3,0,0,0,0,0,0,0,1,0,0,0,0,0
60497.0,2020,4,0,0,0,0,0,0,0,1,0,0,0,0,0
54755.0,2020,5,0,0,0,0,0,0,0,1,0,0,0,0,0
56633.0,2020,6,0,0,0,0,0,0,0,1,0,0,0,0,0
57722.0,2020,7,0,0,0,0,0,0,0,1,0,0,0,0,0
56879.0,2020,8,0,0,0,0,0,0,0,1,0,0,0,0,0
55469.0,2020,9,0,0,0,0,0,0,0,1,0,0,0,0,0
56241.0,2020,10,0,0,0,0,0,0,0,1,0,0,0,0,0
57812.0,2020,11,0,0,0,0,0,0,0,1,0,0,0,0,0
57080.0,2020,12,0,0,0,0,0,0,0,1,0,0,0,0,0
61500.0,2021,1,0,0,0,0,0,0,0,1,0,0,0,0,0
51171.0,2021,2,0,0,0,0,0,0,0,1,0,0,0,0,0
47328.0,2021,4,0,0,0,0,0,0,0,1,0,0,0,0,0
45578.0,2021,5,0,0,0,0,0,0,0,1,0,0,0,0,0
45415.0,2021,6,0,0,0,0,0,0,0,1,0,0,0,0,0
42013.0,2021,7,0,0,0,0,0,0,0,1,0,0,0,0,0
39453.0,2021,8,0,0,0,0,0,0,0,1,0,0,0,0,0
40241.0,2021,9,0,0,0,0,0,0,0,1,0,0,0,0,0
45360.0,2021,10,0,0,0,0,0,0,0,1,0,0,0,0,0
46549.0,2021,11,0,0,0,0,0,0,0,1,0,0,0,0,0
57211.0,2021,12,0,0,0,0,0,0,0,1,0,0,0,0,0
97201.0,2022,1,0,0,0,0,0,0,0,1,0,0,0,0,0
59484.0,2022,2,0,0,0,0,0,0,0,1,0,0,0,0,0
58264.0,2022,3,0,0,0,0,0,0,0,1,0,0,0,0,0
60733.0,2022,4,0,0,0,0,0,0,0,1,0,0,0,0,0
65340.0,2022,5,0,0,0,0,0,0,0,1,0,0,0,0,0
79626.0,2022,6,0,0,0,0,0,0,0,1,0,0,0,0,0
84455.0,2022,7,0,0,0,0,0,0,0,1,0,0,0,0,0
87416.0,2022,8,0,0,0,0,0,0,0,1,0,0,0,0,0
99420.0,2022,9,0,0,0,0,0,0,0,1,0,0,0,0,0
99927.775,2022,10,0,0,0,0,0,0,0,1,0,0,0,0,0
99927.775,2022,11,0,0,0,0,0,0,0,1,0,0,0,0,0
99927.775,2022,12,0,0,0,0,0,0,0,1,0,0,0,0,0
99927.775,2023,1,0,0,0,0,0,0,0,1,0,0,0,0,0
99927.775,2023,2,0,0,0,0,0,0,0,1,0,0,0,0,0
99927.775,2023,3,0,0,0,0,0,0,0,1,0,0,0,0,0
99927.775,2023,4,0,0,0,0,0,0,0,1,0,0,0,0,0
99927.775,2023,5,0,0,0,0,0,0,0,1,0,0,0,0,0
37500.0,2006,1,0,0,0,0,0,0,0,0,0,1,0,0,0
37875.0,2006,2,0,0,0,0,0,0,0,0,0,1,0,0,0
35931.82,2006,3,0,0,0,0,0,0,0,0,0,1,0,0,0
43375.0,2006,4,0,0,0,0,0,0,0,0,0,1,0,0,0
24050.0,2006,5,0,0,0,0,0,0,0,0,0,1,0,0,0
29000.0,2006,6,0,0,0,0,0,0,0,0,0,1,0,0,0
17916.67,2006,7,0,0,0,0,0,0,0,0,0,1,0,0,0
16909.09,2006,8,0,0,0,0,0,0,0,0,0,1,0,0,0
18000.0,2006,9,0,0,0,0,0,0,0,0,0,1,0,0,0
17968.75,2006,10,0,0,0,0,0,0,0,0,0,1,0,0,0
19750.0,2006,11,0,0,0,0,0,0,0,0,0,1,0,0,0
22312.5,2006,12,0,0,0,0,0,0,0,0,0,1,0,0,0
23900.0,2007,1,0,0,0,0,0,0,0,0,0,1,0,0,0
19000.0,2007,2,0,0,0,0,0,0,0,0,0,1,0,0,0
18300.0,2007,3,0,0,0,0,0,0,0,0,0,1,0,0,0
17400.0,2007,4,0,0,0,0,0,0,0,0,0,1,0,0,0
14000.0,2007,5,0,0,0,0,0,0,0,0,0,1,0,0,0
15100.0,2007,6,0,0,0,0,0,0,0,0,0,1,0,0,0
18500.0,2007,7,0,0,0,0,0,0,0,0,0,1,0,0,0
21800.0,2007,8,0,0,0,0,0,0,0,0,0,1,0,0,0
21300.0,2007,9,0,0,0,0,0,0,0,0,0,1,0,0,0
22350.0,2007,10,0,0,0,0,0,0,0,0,0,1,0,0,0
24200.0,2007,11,0,0,0,0,0,0,0,0,0,1,0,0,0
27300.0,2007,12,0,0,0,0,0,0,0,0,0,1,0,0,0
39600.0,2008,1,0,0,0,0,0,0,0,0,0,1,0,0,0
40000.0,2008,2,0,0,0,0,0,0,0,0,0,1,0,0,0
34600.0,2008,3,0,0,0,0,0,0,0,0,0,1,0,0,0
21300.0,2008,4,0,0,0,0,0,0,0,0,0,1,0,0,0
27750.0,2008,6,0,0,0,0,0,0,0,0,0,1,0,0,0
32272.73,2008,7,0,0,0,0,0,0,0,0,0,1,0,0,0
28000.0,2008,8,0,0,0,0,0,0,0,0,0,1,0,0,0
38409.0,2008,9,0,0,0,0,0,0,0,0,0,1,0,0,0
40000.0,2008,10,0,0,0,0,0,0,0,0,0,1,0,0,0
40727.0,2008,11,0,0,0,0,0,0,0,0,0,1,0,0,0
45000.0,2008,12,0,0,0,0,0,0,0,0,0,1,0,0,0
45000.0,2009,1,0,0,0,0,0,0,0,0,0,1,0,0,0
50000.0,2009,2,0,0,0,0,0,0,0,0,0,1,0,0,0
50000.0,2009,3,0,0,0,0,0,0,0,0,0,1,0,0,0
38550.0,2009,4,0,0,0,0,0,0,0,0,0,1,0,0,0
32250.0,2009,5,0,0,0,0,0,0,0,0,0,1,0,0,0
41166.67,2009,6,0,0,0,0,0,0,0,0,0,1,0,0,0
41000.0,2009,8,0,0,0,0,0,0,0,0,0,1,0,0,0
42000.0,2009,9,0,0,0,0,0,0,0,0,0,1,0,0,0
42000.0,2009,10,0,0,0,0,0,0,0,0,0,1,0,0,0
45000.0,2009,11,0,0,0,0,0,0,0,0,0,1,0,0,0
44000.0,2009,12,0,0,0,0,0,0,0,0,0,1,0,0,0
53000.0,2010,1,0,0,0,0,0,0,0,0,0,1,0,0,0
52000.0,2010,2,0,0,0,0,0,0,0,0,0,1,0,0,0
47000.0,2010,3,0,0,0,0,0,0,0,0,0,1,0,0,0
42000.0,2010,4,0,0,0,0,0,0,0,0,0,1,0,0,0
27000.0,2010,5,0,0,0,0,0,0,0,0,0,1,0,0,0
28231.0,2010,6,0,0,0,0,0,0,0,0,0,1,0,0,0
30000.0,2010,7,0,0,0,0,0,0,0,0,0,1,0,0,0
30769.0,2010,8,0,0,0,0,0,0,0,0,0,1,0,0,0
31571.0,2010,9,0,0,0,0,0,0,0,0,0,1,0,0,0
34417.0,2010,10,0,0,0,0,0,0,0,0,0,1,0,0,0
37600.0,2010,11,0,0,0,0,0,0,0,0,0,1,0,0,0
38571.0,2010,12,0,0,0,0,0,0,0,0,0,1,0,0,0
37500.0,2011,1,0,0,0,0,0,0,0,0,0,1,0,0,0
43100.0,2011,2,0,0,0,0,0,0,0,0,0,1,0,0,0
77466.6,2011,3,0,0,0,0,0,0,0,0,0,1,0,0,0
41200.0,2011,4,0,0,0,0,0,0,0,0,0,1,0,0,0
65000.0,2011,5,0,0,0,0,0,0,0,0,0,1,0,0,0
31000.0,2011,6,0,0,0,0,0,0,0,0,0,1,0,0,0
37038.0,2011,7,0,0,0,0,0,0,0,0,0,1,0,0,0
33500.0,2011,8,0,0,0,0,0,0,0,0,0,1,0,0,0
37056.0,2011,9,0,0,0,0,0,0,0,0,0,1,0,0,0
37750.0,2011,10,0,0,0,0,0,0,0,0,0,1,0,0,0
41231.0,2011,11,0,0,0,0,0,0,0,0,0,1,0,0,0
42143.0,2011,12,0,0,0,0,0,0,0,0,0,1,0,0,0
43654.0,2012,1,0,0,0,0,0,0,0,0,0,1,0,0,0
39192.0,2012,2,0,0,0,0,0,0,0,0,0,1,0,0,0
40000.0,2012,3,0,0,0,0,0,0,0,0,0,1,0,0,0
43818.0,2012,4,0,0,0,0,0,0,0,0,0,1,0,0,0
44692.0,2012,5,0,0,0,0,0,0,0,0,0,1,0,0,0
40600.0,2012,6,0,0,0,0,0,0,0,0,0,1,0,0,0
45000.0,2012,7,0,0,0,0,0,0,0,0,0,1,0,0,0
48400.0,2012,8,0,0,0,0,0,0,0,0,0,1,0,0,0
51625.0,2012,9,0,0,0,0,0,0,0,0,0,1,0,0,0
54625.0,2012,10,0,0,0,0,0,0,0,0,0,1,0,0,0
73917.0,2012,11,0,0,0,0,0,0,0,0,0,1,0,0,0
74944.44,2012,12,0,0,0,0,0,0,0,0,0,1,0,0,0
80000.0,2013,1,0,0,0,0,0,0,0,0,0,1,0,0,0
82909.09,2013,2,0,0,0,0,0,0,0,0,0,1,0,0,0
84000.0,2013,3,0,0,0,0,0,0,0,0,0,1,0,0,0
69750.0,2013,4,0,0,0,0,0,0,0,0,0,1,0,0,0
42521.0,2013,5,0,0,0,0,0,0,0,0,0,1,0,0,0
40833.33,2013,6,0,0,0,0,0,0,0,0,0,1,0,0,0
46750.0,2013,7,0,0,0,0,0,0,0,0,0,1,0,0,0
57944.33,2013,8,0,0,0,0,0,0,0,0,0,1,0,0,0
57000.0,2013,9,0,0,0,0,0,0,0,0,0,1,0,0,0
55041.75,2013,10,0,0,0,0,0,0,0,0,0,1,0,0,0
54666.5,2013,11,0,0,0,0,0,0,0,0,0,1,0,0,0
57958.25,2013,12,0,0,0,0,0,0,0,0,0,1,0,0,0
57916.75,2014,1,0,0,0,0,0,0,0,0,0,1,0,0,0
57917.0,2014,2,0,0,0,0,0,0,0,0,0,1,0,0,0
55667.0,2014,3,0,0,0,0,0,0,0,0,0,1,0,0,0
48895.0,2014,4,0,0,0,0,0,0,0,0,0,1,0,0,0
45538.46,2014,5,0,0,0,0,0,0,0,0,0,1,0,0,0
41187.5,2014,6,0,0,0,0,0,0,0,0,0,1,0,0,0
43545.0,2014,7,0,0,0,0,0,0,0,0,0,1,0,0,0
45333.0,2014,8,0,0,0,0,0,0,0,0,0,1,0,0,0
46038.0,2014,9,0,0,0,0,0,0,0,0,0,1,0,0,0
46143.0,2014,11,0,0,0,0,0,0,0,0,0,1,0,0,0
44231.0,2014,12,0,0,0,0,0,0,0,0,0,1,0,0,0
45000.0,2015,1,0,0,0,0,0,0,0,0,0,1,0,0,0
44375.0,2015,2,0,0,0,0,0,0,0,0,0,1,0,0,0
44458.0,2015,3,0,0,0,0,0,0,0,0,0,1,0,0,0
43000.0,2015,4,0,0,0,0,0,0,0,0,0,1,0,0,0
43833.0,2015,5,0,0,0,0,0,0,0,0,0,1,0,0,0
44000.0,2015,6,0,0,0,0,0,0,0,0,0,1,0,0,0
54962.0,2015,7,0,0,0,0,0,0,0,0,0,1,0,0,0
63962.0,2015,8,0,0,0,0,0,0,0,0,0,1,0,0,0
62300.0,2015,9,0,0,0,0,0,0,0,0,0,1,0,0,0
61167.0,2015,10,0,0,0,0,0,0,0,0,0,1,0,0,0
66100.0,2015,11,0,0,0,0,0,0,0,0,0,1,0,0,0
69727.0,2015,12,0,0,0,0,0,0,0,0,0,1,0,0,0
66280.0,2016,1,0,0,0,0,0,0,0,0,0,1,0,0,0
65090.91,2016,2,0,0,0,0,0,0,0,0,0,1,0,0,0
67389.0,2016,3,0,0,0,0,0,0,0,0,0,1,0,0,0
56708.0,2016,4,0,0,0,0,0,0,0,0,0,1,0,0,0
51625.0,2016,5,0,0,0,0,0,0,0,0,0,1,0,0,0
48955.0,2016,6,0,0,0,0,0,0,0,0,0,1,0,0,0
53864.0,2016,7,0,0,0,0,0,0,0,0,0,1,0,0,0
56154.0,2016,8,0,0,0,0,0,0,0,0,0,1,0,0,0
52886.0,2016,9,0,0,0,0,0,0,0,0,0,1,0,0,0
62833.0,2016,10,0,0,0,0,0,0,0,0,0,1,0,0,0
72500.0,2016,11,0,0,0,0,0,0,0,0,0,1,0,0,0
84063.0,2016,12,0,0,0,0,0,0,0,0,0,1,0,0,0
52850.0,2017,9,0,0,0,0,0,0,0,0,0,1,0,0,0
51375.0,2017,10,0,0,0,0,0,0,0,0,0,1,0,0,0
49166.67,2017,11,0,0,0,0,0,0,0,0,0,1,0,0,0
49833.33,2017,12,0,0,0,0,0,0,0,0,0,1,0,0,0
48400.0,2018,1,0,0,0,0,0,0,0,0,0,1,0,0,0
41970.59,2018,2,0,0,0,0,0,0,0,0,0,1,0,0,0
42166.67,2018,3,0,0,0,0,0,0,0,0,0,1,0,0,0
42500.0,2018,4,0,0,0,0,0,0,0,0,0,1,0,0,0
42500.0,2018,5,0,0,0,0,0,0,0,0,0,1,0,0,0
39000.0,2018,6,0,0,0,0,0,0,0,0,0,1,0,0,0
39000.0,2018,7,0,0,0,0,0,0,0,0,0,1,0,0,0
38250.0,2018,8,0,0,0,0,0,0,0,0,0,1,0,0,0
36545.45,2018,9,0,0,0,0,0,0,0,0,0,1,0,0,0
35000.0,2018,10,0,0,0,0,0,0,0,0,0,1,0,0,0
36590.91,2018,11,0,0,0,0,0,0,0,0,0,1,0,0,0
45625.0,2018,12,0,0,0,0,0,0,0,0,0,1,0,0,0
51050.0,2019,1,0,0,0,0,0,0,0,0,0,1,0,0,0
50388.89,2019,2,0,0,0,0,0,0,0,0,0,1,0,0,0
48454.55,2019,3,0,0,0,0,0,0,0,0,0,1,0,0,0
47666.67,2019,4,0,0,0,0,0,0,0,0,0,1,0,0,0
56166.67,2019,5,0,0,0,0,0,0,0,0,0,1,0,0,0
47666.67,2019,6,0,0,0,0,0,0,0,0,0,1,0,0,0
61416.67,2019,7,0,0,0,0,0,0,0,0,0,1,0,0,0
62600.0,2019,8,0,0,0,0,0,0,0,0,0,1,0,0,0
77727.27,2019,9,0,0,0,0,0,0,0,0,0,1,0,0,0
86590.91,2019,10,0,0,0,0,0,0,0,0,0,1,0,0,0
88346.15,2019,11,0,0,0,0,0,0,0,0,0,1,0,0,0
85000.0,2019,12,0,0,0,0,0,0,0,0,0,1,0,0,0
95818.18,2020,1,0,0,0,0,0,0,0,0,0,1,0,0,0
98000.0,2020,2,0,0,0,0,0,0,0,0,0,1,0,0,0
91000.0,2020,3,0,0,0,0,0,0,0,0,0,1,0,0,0
67400.0,2020,4,0,0,0,0,0,0,0,0,0,1,0,0,0
52250.0,2020,5,0,0,0,0,0,0,0,0,0,1,0,0,0
40556.0,2020,6,0,0,0,0,0,0,0,0,0,1,0,0,0
58625.0,2020,7,0,0,0,0,0,0,0,0,0,1,0,0,0
60000.0,2020,8,0,0,0,0,0,0,0,0,0,1,0,0,0
58000.0,2020,9,0,0,0,0,0,0,0,0,0,1,0,0,0
57400.0,2020,10,0,0,0,0,0,0,0,0,0,1,0,0,0
57583.0,2020,11,0,0,0,0,0,0,0,0,0,1,0,0,0
60000.0,2020,12,0,0,0,0,0,0,0,0,0,1,0,0,0
60000.0,2021,1,0,0,0,0,0,0,0,0,0,1,0,0,0
58500.0,2021,2,0,0,0,0,0,0,0,0,0,1,0,0,0
57000.0,2021,3,0,0,0,0,0,0,0,0,0,1,0,0,0
57000.0,2021,4,0,0,0,0,0,0,0,0,0,1,0,0,0
50333.0,2021,5,0,0,0,0,0,0,0,0,0,1,0,0,0
40182.0,2021,6,0,0,0,0,0,0,0,0,0,1,0,0,0
40000.0,2021,7,0,0,0,0,0,0,0,0,0,1,0,0,0
40000.0,2021,8,0,0,0,0,0,0,0,0,0,1,0,0,0
40000.0,2021,9,0,0,0,0,0,0,0,0,0,1,0,0,0
42292.0,2021,10,0,0,0,0,0,0,0,0,0,1,0,0,0
44167.0,2021,11,0,0,0,0,0,0,0,0,0,1,0,0,0
56500.0,2021,12,0,0,0,0,0,0,0,0,0,1,0,0,0
66542.0,2022,1,0,0,0,0,0,0,0,0,0,1,0,0,0
60318.0,2022,2,0,0,0,0,0,0,0,0,0,1,0,0,0
55000.0,2022,3,0,0,0,0,0,0,0,0,0,1,0,0,0
57000.0,2022,4,0,0,0,0,0,0,0,0,0,1,0,0,0
64842.0,2022,5,0,0,0,0,0,0,0,0,0,1,0,0,0
67450.0,2022,6,0,0,0,0,0,0,0,0,0,1,0,0,0
76818.0,2022,7,0,0,0,0,0,0,0,0,0,1,0,0,0
77909.0,2022,8,0,0,0,0,0,0,0,0,0,1,0,0,0
89083.0,2022,9,0,0,0,0,0,0,0,0,0,1,0,0,0
84833.0,2022,10,0,0,0,0,0,0,0,0,0,1,0,0,0
80000.0,2022,11,0,0,0,0,0,0,0,0,0,1,0,0,0
85000.0,2022,12,0,0,0,0,0,0,0,0,0,1,0,0,0
98393.0,2023,1,0,0,0,0,0,0,0,0,0,1,0,0,0
99927.775,2023,2,0,0,0,0,0,0,0,0,0,1,0,0,0
99927.775,2023,3,0,0,0,0,0,0,0,0,0,1,0,0,0
99927.775,2023,4,0,0,0,0,0,0,0,0,0,1,0,0,0
99927.775,2023,5,0,0,0,0,0,0,0,0,0,1,0,0,0
34400.0,2006,1,0,0,0,0,0,0,0,0,0,0,0,1,0
34886.36,2006,2,0,0,0,0,0,0,0,0,0,0,0,1,0
36291.67,2006,3,0,0,0,0,0,0,0,0,0,0,0,1,0
34562.5,2006,4,0,0,0,0,0,0,0,0,0,0,0,1,0
28190.91,2006,5,0,0,0,0,0,0,0,0,0,0,0,1,0
26916.67,2006,6,0,0,0,0,0,0,0,0,0,0,0,1,0
22416.67,2006,7,0,0,0,0,0,0,0,0,0,0,0,1,0
22566.67,2006,8,0,0,0,0,0,0,0,0,0,0,0,1,0
23833.33,2006,9,0,0,0,0,0,0,0,0,0,0,0,1,0
23750.0,2006,10,0,0,0,0,0,0,0,0,0,0,0,1,0
24000.0,2006,11,0,0,0,0,0,0,0,0,0,0,0,1,0
22428.57,2006,12,0,0,0,0,0,0,0,0,0,0,0,1,0
20300.0,2007,1,0,0,0,0,0,0,0,0,0,0,0,1,0
19300.0,2007,2,0,0,0,0,0,0,0,0,0,0,0,1,0
19600.0,2007,3,0,0,0,0,0,0,0,0,0,0,0,1,0
16900.0,2007,4,0,0,0,0,0,0,0,0,0,0,0,1,0
22800.0,2007,5,0,0,0,0,0,0,0,0,0,0,0,1,0
16400.0,2007,6,0,0,0,0,0,0,0,0,0,0,0,1,0
17700.0,2007,7,0,0,0,0,0,0,0,0,0,0,0,1,0
19400.0,2007,8,0,0,0,0,0,0,0,0,0,0,0,1,0
24100.0,2007,9,0,0,0,0,0,0,0,0,0,0,0,1,0
24300.0,2007,10,0,0,0,0,0,0,0,0,0,0,0,1,0
25400.0,2007,11,0,0,0,0,0,0,0,0,0,0,0,1,0
28300.0,2007,12,0,0,0,0,0,0,0,0,0,0,0,1,0
37100.0,2008,1,0,0,0,0,0,0,0,0,0,0,0,1,0
35500.0,2008,2,0,0,0,0,0,0,0,0,0,0,0,1,0
30300.0,2008,3,0,0,0,0,0,0,0,0,0,0,0,1,0
25000.0,2008,4,0,0,0,0,0,0,0,0,0,0,0,1,0
20800.0,2008,5,0,0,0,0,0,0,0,0,0,0,0,1,0
25000.0,2008,6,0,0,0,0,0,0,0,0,0,0,0,1,0
25000.0,2008,7,0,0,0,0,0,0,0,0,0,0,0,1,0
25000.0,2008,8,0,0,0,0,0,0,0,0,0,0,0,1,0
25000.0,2008,9,0,0,0,0,0,0,0,0,0,0,0,1,0
26400.0,2008,10,0,0,0,0,0,0,0,0,0,0,0,1,0
24818.0,2008,11,0,0,0,0,0,0,0,0,0,0,0,1,0
36000.0,2008,12,0,0,0,0,0,0,0,0,0,0,0,1,0
36000.0,2009,1,0,0,0,0,0,0,0,0,0,0,0,1,0
36000.0,2009,2,0,0,0,0,0,0,0,0,0,0,0,1,0
36000.0,2009,3,0,0,0,0,0,0,0,0,0,0,0,1,0
29950.0,2009,4,0,0,0,0,0,0,0,0,0,0,0,1,0
27250.0,2009,5,0,0,0,0,0,0,0,0,0,0,0,1,0
29666.67,2009,6,0,0,0,0,0,0,0,0,0,0,0,1,0
27958.0,2011,1,0,0,0,0,0,0,0,0,0,0,0,1,0
39800.0,2011,2,0,0,0,0,0,0,0,0,0,0,0,1,0
47400.0,2011,3,0,0,0,0,0,0,0,0,0,0,0,1,0
49500.0,2011,4,0,0,0,0,0,0,0,0,0,0,0,1,0
47250.0,2011,5,0,0,0,0,0,0,0,0,0,0,0,1,0
43000.0,2011,6,0,0,0,0,0,0,0,0,0,0,0,1,0
47000.0,2011,7,0,0,0,0,0,0,0,0,0,0,0,1,0
46354.0,2011,9,0,0,0,0,0,0,0,0,0,0,0,1,0
48500.0,2011,10,0,0,0,0,0,0,0,0,0,0,0,1,0
45500.0,2011,11,0,0,0,0,0,0,0,0,0,0,0,1,0
44000.0,2011,12,0,0,0,0,0,0,0,0,0,0,0,1,0
46923.0,2012,1,0,0,0,0,0,0,0,0,0,0,0,1,0
46385.0,2012,2,0,0,0,0,0,0,0,0,0,0,0,1,0
46667.0,2012,3,0,0,0,0,0,0,0,0,0,0,0,1,0
47909.0,2012,4,0,0,0,0,0,0,0,0,0,0,0,1,0
47715.0,2012,5,0,0,0,0,0,0,0,0,0,0,0,1,0
46676.0,2012,6,0,0,0,0,0,0,0,0,0,0,0,1,0
47192.0,2012,7,0,0,0,0,0,0,0,0,0,0,0,1,0
49100.0,2012,8,0,0,0,0,0,0,0,0,0,0,0,1,0
63312.5,2012,9,0,0,0,0,0,0,0,0,0,0,0,1,0
76800.0,2012,10,0,0,0,0,0,0,0,0,0,0,0,1,0
68167.0,2012,11,0,0,0,0,0,0,0,0,0,0,0,1,0
75500.0,2012,12,0,0,0,0,0,0,0,0,0,0,0,1,0
78666.67,2013,1,0,0,0,0,0,0,0,0,0,0,0,1,0
81818.18,2013,2,0,0,0,0,0,0,0,0,0,0,0,1,0
80000.0,2013,3,0,0,0,0,0,0,0,0,0,0,0,1,0
65416.75,2013,4,0,0,0,0,0,0,0,0,0,0,0,1,0
57450.0,2013,5,0,0,0,0,0,0,0,0,0,0,0,1,0
45083.33,2013,6,0,0,0,0,0,0,0,0,0,0,0,1,0
50458.25,2013,7,0,0,0,0,0,0,0,0,0,0,0,1,0
47527.83,2013,8,0,0,0,0,0,0,0,0,0,0,0,1,0
52000.0,2013,9,0,0,0,0,0,0,0,0,0,0,0,1,0
52000.0,2013,10,0,0,0,0,0,0,0,0,0,0,0,1,0
57208.25,2013,11,0,0,0,0,0,0,0,0,0,0,0,1,0
60250.0,2013,12,0,0,0,0,0,0,0,0,0,0,0,1,0
65291.75,2014,1,0,0,0,0,0,0,0,0,0,0,0,1,0
65292.0,2014,2,0,0,0,0,0,0,0,0,0,0,0,1,0
53250.0,2014,3,0,0,0,0,0,0,0,0,0,0,0,1,0
54000.0,2014,4,0,0,0,0,0,0,0,0,0,0,0,1,0
42384.62,2014,5,0,0,0,0,0,0,0,0,0,0,0,1,0
42000.0,2014,6,0,0,0,0,0,0,0,0,0,0,0,1,0
38909.0,2014,7,0,0,0,0,0,0,0,0,0,0,0,1,0
36958.0,2014,8,0,0,0,0,0,0,0,0,0,0,0,1,0
35538.0,2014,9,0,0,0,0,0,0,0,0,0,0,0,1,0
41107.0,2014,11,0,0,0,0,0,0,0,0,0,0,0,1,0
41846.0,2014,12,0,0,0,0,0,0,0,0,0,0,0,1,0
30909.0,2015,1,0,0,0,0,0,0,0,0,0,0,0,1,0
32208.0,2015,2,0,0,0,0,0,0,0,0,0,0,0,1,0
41042.0,2015,3,0,0,0,0,0,0,0,0,0,0,0,1,0
52091.0,2015,4,0,0,0,0,0,0,0,0,0,0,0,1,0
38771.0,2015,5,0,0,0,0,0,0,0,0,0,0,0,1,0
40806.0,2015,6,0,0,0,0,0,0,0,0,0,0,0,1,0
50167.0,2015,7,0,0,0,0,0,0,0,0,0,0,0,1,0
53792.0,2015,8,0,0,0,0,0,0,0,0,0,0,0,1,0
54350.0,2015,9,0,0,0,0,0,0,0,0,0,0,0,1,0
60429.0,2015,10,0,0,0,0,0,0,0,0,0,0,0,1,0
65538.0,2015,11,0,0,0,0,0,0,0,0,0,0,0,1,0
68500.0,2015,12,0,0,0,0,0,0,0,0,0,0,0,1,0
65500.0,2016,1,0,0,0,0,0,0,0,0,0,0,0,1,0
69850.0,2016,2,0,0,0,0,0,0,0,0,0,0,0,1,0
65167.0,2016,3,0,0,0,0,0,0,0,0,0,0,0,1,0
52864.0,2016,4,0,0,0,0,0,0,0,0,0,0,0,1,0
44500.0,2016,5,0,0,0,0,0,0,0,0,0,0,0,1,0
46417.0,2016,6,0,0,0,0,0,0,0,0,0,0,0,1,0
52864.0,2016,7,0,0,0,0,0,0,0,0,0,0,0,1,0
53500.0,2016,8,0,0,0,0,0,0,0,0,0,0,0,1,0
52600.0,2016,9,0,0,0,0,0,0,0,0,0,0,0,1,0
62136.0,2016,10,0,0,0,0,0,0,0,0,0,0,0,1,0
71286.0,2016,11,0,0,0,0,0,0,0,0,0,0,0,1,0
88833.0,2016,12,0,0,0,0,0,0,0,0,0,0,0,1,0
86275.0,2017,1,0,0,0,0,0,0,0,0,0,0,0,1,0
99927.775,2017,2,0,0,0,0,0,0,0,0,0,0,0,1,0
96400.0,2017,3,0,0,0,0,0,0,0,0,0,0,0,1,0
98500.0,2017,4,0,0,0,0,0,0,0,0,0,0,0,1,0
98500.0,2017,5,0,0,0,0,0,0,0,0,0,0,0,1,0
77500.0,2017,6,0,0,0,0,0,0,0,0,0,0,0,1,0
67333.33,2017,7,0,0,0,0,0,0,0,0,0,0,0,1,0
67286.0,2017,8,0,0,0,0,0,0,0,0,0,0,0,1,0
65200.0,2017,9,0,0,0,0,0,0,0,0,0,0,0,1,0
73964.29,2017,10,0,0,0,0,0,0,0,0,0,0,0,1,0
64000.0,2017,11,0,0,0,0,0,0,0,0,0,0,0,1,0
59000.0,2017,12,0,0,0,0,0,0,0,0,0,0,0,1,0
53000.0,2018,1,0,0,0,0,0,0,0,0,0,0,0,1,0
51666.67,2018,3,0,0,0,0,0,0,0,0,0,0,0,1,0
43800.0,2018,4,0,0,0,0,0,0,0,0,0,0,0,1,0
39000.0,2018,5,0,0,0,0,0,0,0,0,0,0,0,1,0
39000.0,2018,6,0,0,0,0,0,0,0,0,0,0,0,1,0
39000.0,2018,7,0,0,0,0,0,0,0,0,0,0,0,1,0
42500.0,2018,9,0,0,0,0,0,0,0,0,0,0,0,1,0
41500.0,2018,10,0,0,0,0,0,0,0,0,0,0,0,1,0
42431.82,2018,11,0,0,0,0,0,0,0,0,0,0,0,1,0
53416.67,2018,12,0,0,0,0,0,0,0,0,0,0,0,1,0
54500.0,2019,1,0,0,0,0,0,0,0,0,0,0,0,1,0
54277.78,2019,2,0,0,0,0,0,0,0,0,0,0,0,1,0
52500.0,2019,3,0,0,0,0,0,0,0,0,0,0,0,1,0
55833.33,2019,4,0,0,0,0,0,0,0,0,0,0,0,1,0
45611.11,2019,5,0,0,0,0,0,0,0,0,0,0,0,1,0
50833.33,2019,6,0,0,0,0,0,0,0,0,0,0,0,1,0
52681.82,2019,7,0,0,0,0,0,0,0,0,0,0,0,1,0
63500.0,2019,8,0,0,0,0,0,0,0,0,0,0,0,1,0
72227.27,2019,9,0,0,0,0,0,0,0,0,0,0,0,1,0
80181.82,2019,10,0,0,0,0,0,0,0,0,0,0,0,1,0
90115.38,2019,11,0,0,0,0,0,0,0,0,0,0,0,1,0
91500.0,2019,12,0,0,0,0,0,0,0,0,0,0,0,1,0
97590.91,2020,1,0,0,0,0,0,0,0,0,0,0,0,1,0
85000.0,2020,2,0,0,0,0,0,0,0,0,0,0,0,1,0
67958.33,2020,3,0,0,0,0,0,0,0,0,0,0,0,1,0
55400.0,2020,4,0,0,0,0,0,0,0,0,0,0,0,1,0
49071.0,2020,5,0,0,0,0,0,0,0,0,0,0,0,1,0
58500.0,2020,6,0,0,0,0,0,0,0,0,0,0,0,1,0
58563.0,2020,7,0,0,0,0,0,0,0,0,0,0,0,1,0
55000.0,2020,8,0,0,0,0,0,0,0,0,0,0,0,1,0
52227.0,2020,9,0,0,0,0,0,0,0,0,0,0,0,1,0
51500.0,2020,10,0,0,0,0,0,0,0,0,0,0,0,1,0
51500.0,2020,11,0,0,0,0,0,0,0,0,0,0,0,1,0
50833.0,2020,12,0,0,0,0,0,0,0,0,0,0,0,1,0
42000.0,2021,1,0,0,0,0,0,0,0,0,0,0,0,1,0
40625.0,2021,2,0,0,0,0,0,0,0,0,0,0,0,1,0
40667.0,2021,3,0,0,0,0,0,0,0,0,0,0,0,1,0
40500.0,2021,4,0,0,0,0,0,0,0,0,0,0,0,1,0
35000.0,2021,5,0,0,0,0,0,0,0,0,0,0,0,1,0
35909.0,2021,6,0,0,0,0,0,0,0,0,0,0,0,1,0
35000.0,2021,7,0,0,0,0,0,0,0,0,0,0,0,1,0
35269.0,2021,8,0,0,0,0,0,0,0,0,0,0,0,1,0
36577.0,2021,9,0,0,0,0,0,0,0,0,0,0,0,1,0
39417.0,2021,10,0,0,0,0,0,0,0,0,0,0,0,1,0
44042.0,2021,11,0,0,0,0,0,0,0,0,0,0,0,1,0
56150.0,2021,12,0,0,0,0,0,0,0,0,0,0,0,1,0
59000.0,2022,4,0,0,0,0,0,0,0,0,0,0,0,1,0
59818.0,2022,5,0,0,0,0,0,0,0,0,0,0,0,1,0
71346.0,2022,6,0,0,0,0,0,0,0,0,0,0,0,1,0
80864.0,2022,7,0,0,0,0,0,0,0,0,0,0,0,1,0
82750.0,2022,8,0,0,0,0,0,0,0,0,0,0,0,1,0
88885.0,2022,9,0,0,0,0,0,0,0,0,0,0,0,1,0
99927.775,2022,10,0,0,0,0,0,0,0,0,0,0,0,1,0
99927.775,2022,11,0,0,0,0,0,0,0,0,0,0,0,1,0
99927.775,2022,12,0,0,0,0,0,0,0,0,0,0,0,1,0
99927.775,2023,1,0,0,0,0,0,0,0,0,0,0,0,1,0
99927.775,2023,2,0,0,0,0,0,0,0,0,0,0,0,1,0
99927.775,2023,3,0,0,0,0,0,0,0,0,0,0,0,1,0
82778.0,2023,4,0,0,0,0,0,0,0,0,0,0,0,1,0
79000.0,2023,5,0,0,0,0,0,0,0,0,0,0,0,1,0
32295.45,2006,1,0,0,0,0,0,0,0,0,0,0,0,0,1
30727.27,2006,2,0,0,0,0,0,0,0,0,0,0,0,0,1
33854.17,2006,3,0,0,0,0,0,0,0,0,0,0,0,0,1
36875.0,2006,4,0,0,0,0,0,0,0,0,0,0,0,0,1
35545.45,2006,5,0,0,0,0,0,0,0,0,0,0,0,0,1
27000.0,2006,6,0,0,0,0,0,0,0,0,0,0,0,0,1
17625.0,2006,7,0,0,0,0,0,0,0,0,0,0,0,0,1
14431.82,2006,8,0,0,0,0,0,0,0,0,0,0,0,0,1
11375.0,2006,9,0,0,0,0,0,0,0,0,0,0,0,0,1
8775.0,2006,10,0,0,0,0,0,0,0,0,0,0,0,0,1
7300.0,2006,11,0,0,0,0,0,0,0,0,0,0,0,0,1
12500.0,2006,12,0,0,0,0,0,0,0,0,0,0,0,0,1
14600.0,2007,1,0,0,0,0,0,0,0,0,0,0,0,0,1
12800.0,2007,2,0,0,0,0,0,0,0,0,0,0,0,0,1
14000.0,2007,3,0,0,0,0,0,0,0,0,0,0,0,0,1
15700.0,2007,4,0,0,0,0,0,0,0,0,0,0,0,0,1
15000.0,2007,5,0,0,0,0,0,0,0,0,0,0,0,0,1
13500.0,2007,6,0,0,0,0,0,0,0,0,0,0,0,0,1
14000.0,2007,7,0,0,0,0,0,0,0,0,0,0,0,0,1
14300.0,2007,8,0,0,0,0,0,0,0,0,0,0,0,0,1
14600.0,2007,9,0,0,0,0,0,0,0,0,0,0,0,0,1
19600.0,2007,10,0,0,0,0,0,0,0,0,0,0,0,0,1
22100.0,2007,11,0,0,0,0,0,0,0,0,0,0,0,0,1
26500.0,2007,12,0,0,0,0,0,0,0,0,0,0,0,0,1
35500.0,2008,1,0,0,0,0,0,0,0,0,0,0,0,0,1
32500.0,2008,2,0,0,0,0,0,0,0,0,0,0,0,0,1
33900.0,2008,3,0,0,0,0,0,0,0,0,0,0,0,0,1
36500.0,2008,4,0,0,0,0,0,0,0,0,0,0,0,0,1
31500.0,2008,5,0,0,0,0,0,0,0,0,0,0,0,0,1
31979.0,2008,6,0,0,0,0,0,0,0,0,0,0,0,0,1
27175.0,2008,7,0,0,0,0,0,0,0,0,0,0,0,0,1
23000.0,2008,8,0,0,0,0,0,0,0,0,0,0,0,0,1
45000.0,2008,12,0,0,0,0,0,0,0,0,0,0,0,0,1
46000.0,2009,1,0,0,0,0,0,0,0,0,0,0,0,0,1
44000.0,2009,2,0,0,0,0,0,0,0,0,0,0,0,0,1
45000.0,2009,3,0,0,0,0,0,0,0,0,0,0,0,0,1
43450.0,2009,4,0,0,0,0,0,0,0,0,0,0,0,0,1
43437.5,2009,5,0,0,0,0,0,0,0,0,0,0,0,0,1
42375.0,2009,6,0,0,0,0,0,0,0,0,0,0,0,0,1
34000.0,2009,8,0,0,0,0,0,0,0,0,0,0,0,0,1
41000.0,2009,9,0,0,0,0,0,0,0,0,0,0,0,0,1
46000.0,2009,10,0,0,0,0,0,0,0,0,0,0,0,0,1
47000.0,2009,11,0,0,0,0,0,0,0,0,0,0,0,0,1
45500.0,2009,12,0,0,0,0,0,0,0,0,0,0,0,0,1
53000.0,2010,1,0,0,0,0,0,0,0,0,0,0,0,0,1
35000.0,2010,2,0,0,0,0,0,0,0,0,0,0,0,0,1
29000.0,2010,3,0,0,0,0,0,0,0,0,0,0,0,0,1
33000.0,2010,4,0,0,0,0,0,0,0,0,0,0,0,0,1
29500.0,2010,5,0,0,0,0,0,0,0,0,0,0,0,0,1
28346.0,2010,6,0,0,0,0,0,0,0,0,0,0,0,0,1
28979.0,2010,7,0,0,0,0,0,0,0,0,0,0,0,0,1
22365.0,2010,8,0,0,0,0,0,0,0,0,0,0,0,0,1
23929.0,2010,9,0,0,0,0,0,0,0,0,0,0,0,0,1
29038.0,2010,10,0,0,0,0,0,0,0,0,0,0,0,0,1
31200.0,2010,11,0,0,0,0,0,0,0,0,0,0,0,0,1
32214.0,2010,12,0,0,0,0,0,0,0,0,0,0,0,0,1
38633.0,2011,1,0,0,0,0,0,0,0,0,0,0,0,0,1
41450.0,2011,2,0,0,0,0,0,0,0,0,0,0,0,0,1
42450.0,2011,3,0,0,0,0,0,0,0,0,0,0,0,0,1
48150.0,2011,4,0,0,0,0,0,0,0,0,0,0,0,0,1
47000.0,2011,5,0,0,0,0,0,0,0,0,0,0,0,0,1
51000.0,2011,6,0,0,0,0,0,0,0,0,0,0,0,0,1
40385.0,2011,7,0,0,0,0,0,0,0,0,0,0,0,0,1
31771.0,2011,8,0,0,0,0,0,0,0,0,0,0,0,0,1
38167.0,2011,9,0,0,0,0,0,0,0,0,0,0,0,0,1
34500.0,2011,10,0,0,0,0,0,0,0,0,0,0,0,0,1
36327.0,2011,11,0,0,0,0,0,0,0,0,0,0,0,0,1
38500.0,2011,12,0,0,0,0,0,0,0,0,0,0,0,0,1
38769.0,2012,1,0,0,0,0,0,0,0,0,0,0,0,0,1
37038.0,2012,2,0,0,0,0,0,0,0,0,0,0,0,0,1
40389.0,2012,3,0,0,0,0,0,0,0,0,0,0,0,0,1
52545.0,2012,4,0,0,0,0,0,0,0,0,0,0,0,0,1
59500.0,2012,5,0,0,0,0,0,0,0,0,0,0,0,0,1
79200.0,2012,6,0,0,0,0,0,0,0,0,0,0,0,0,1
51827.0,2012,7,0,0,0,0,0,0,0,0,0,0,0,0,1
49875.0,2012,8,0,0,0,0,0,0,0,0,0,0,0,0,1
52625.0,2012,9,0,0,0,0,0,0,0,0,0,0,0,0,1
63900.0,2012,10,0,0,0,0,0,0,0,0,0,0,0,0,1
73917.0,2012,11,0,0,0,0,0,0,0,0,0,0,0,0,1
80222.22,2012,12,0,0,0,0,0,0,0,0,0,0,0,0,1
79350.0,2013,1,0,0,0,0,0,0,0,0,0,0,0,0,1
78000.0,2013,2,0,0,0,0,0,0,0,0,0,0,0,0,1
76770.75,2013,3,0,0,0,0,0,0,0,0,0,0,0,0,1
73437.5,2013,4,0,0,0,0,0,0,0,0,0,0,0,0,1
59066.6,2013,5,0,0,0,0,0,0,0,0,0,0,0,0,1
45944.67,2013,6,0,0,0,0,0,0,0,0,0,0,0,0,1
46500.0,2013,7,0,0,0,0,0,0,0,0,0,0,0,0,1
42830.0,2013,8,0,0,0,0,0,0,0,0,0,0,0,0,1
47208.25,2013,9,0,0,0,0,0,0,0,0,0,0,0,0,1
48729.25,2013,10,0,0,0,0,0,0,0,0,0,0,0,0,1
50270.75,2013,11,0,0,0,0,0,0,0,0,0,0,0,0,1
53520.75,2013,12,0,0,0,0,0,0,0,0,0,0,0,0,1
54145.75,2014,1,0,0,0,0,0,0,0,0,0,0,0,0,1
54125.0,2014,2,0,0,0,0,0,0,0,0,0,0,0,0,1
43396.0,2014,3,0,0,0,0,0,0,0,0,0,0,0,0,1
48050.0,2014,4,0,0,0,0,0,0,0,0,0,0,0,0,1
51442.31,2014,5,0,0,0,0,0,0,0,0,0,0,0,0,1
48208.5,2014,6,0,0,0,0,0,0,0,0,0,0,0,0,1
35925.0,2014,7,0,0,0,0,0,0,0,0,0,0,0,0,1
31625.0,2014,8,0,0,0,0,0,0,0,0,0,0,0,0,1
28827.0,2014,9,0,0,0,0,0,0,0,0,0,0,0,0,1
29250.0,2014,11,0,0,0,0,0,0,0,0,0,0,0,0,1
36192.0,2014,12,0,0,0,0,0,0,0,0,0,0,0,0,1
37000.0,2015,1,0,0,0,0,0,0,0,0,0,0,0,0,1
37396.0,2015,2,0,0,0,0,0,0,0,0,0,0,0,0,1
44306.0,2015,3,0,0,0,0,0,0,0,0,0,0,0,0,1
57091.0,2015,4,0,0,0,0,0,0,0,0,0,0,0,0,1
56750.0,2015,5,0,0,0,0,0,0,0,0,0,0,0,0,1
59556.0,2015,6,0,0,0,0,0,0,0,0,0,0,0,0,1
59994.0,2015,7,0,0,0,0,0,0,0,0,0,0,0,0,1
53769.0,2015,8,0,0,0,0,0,0,0,0,0,0,0,0,1
49325.0,2015,9,0,0,0,0,0,0,0,0,0,0,0,0,1
60521.0,2015,10,0,0,0,0,0,0,0,0,0,0,0,0,1
66433.0,2015,11,0,0,0,0,0,0,0,0,0,0,0,0,1
67636.0,2015,12,0,0,0,0,0,0,0,0,0,0,0,0,1
71706.0,2016,1,0,0,0,0,0,0,0,0,0,0,0,0,1
69150.0,2016,2,0,0,0,0,0,0,0,0,0,0,0,0,1
63983.0,2016,3,0,0,0,0,0,0,0,0,0,0,0,0,1
60436.0,2016,4,0,0,0,0,0,0,0,0,0,0,0,0,1
57736.0,2016,5,0,0,0,0,0,0,0,0,0,0,0,0,1
59154.0,2016,6,0,0,0,0,0,0,0,0,0,0,0,0,1
59639.0,2016,7,0,0,0,0,0,0,0,0,0,0,0,0,1
58124.0,2016,8,0,0,0,0,0,0,0,0,0,0,0,0,1
59882.0,2016,9,0,0,0,0,0,0,0,0,0,0,0,0,1
72347.0,2016,10,0,0,0,0,0,0,0,0,0,0,0,0,1
76659.0,2016,11,0,0,0,0,0,0,0,0,0,0,0,0,1
82875.0,2016,12,0,0,0,0,0,0,0,0,0,0,0,0,1
99927.775,2017,2,0,0,0,0,0,0,0,0,0,0,0,0,1
99927.775,2017,3,0,0,0,0,0,0,0,0,0,0,0,0,1
99927.775,2017,4,0,0,0,0,0,0,0,0,0,0,0,0,1
48633.0,2017,8,0,0,0,0,0,0,0,0,0,0,0,0,1
45520.83,2017,9,0,0,0,0,0,0,0,0,0,0,0,0,1
49775.0,2017,10,0,0,0,0,0,0,0,0,0,0,0,0,1
49283.33,2017,11,0,0,0,0,0,0,0,0,0,0,0,0,1
46937.5,2017,12,0,0,0,0,0,0,0,0,0,0,0,0,1
49077.78,2018,1,0,0,0,0,0,0,0,0,0,0,0,0,1
42100.0,2018,2,0,0,0,0,0,0,0,0,0,0,0,0,1
46277.78,2018,3,0,0,0,0,0,0,0,0,0,0,0,0,1
39600.0,2018,4,0,0,0,0,0,0,0,0,0,0,0,0,1
48234.09,2018,5,0,0,0,0,0,0,0,0,0,0,0,0,1
47583.33,2018,6,0,0,0,0,0,0,0,0,0,0,0,0,1
42925.0,2018,7,0,0,0,0,0,0,0,0,0,0,0,0,1
33447.5,2018,8,0,0,0,0,0,0,0,0,0,0,0,0,1
31272.73,2018,9,0,0,0,0,0,0,0,0,0,0,0,0,1
32838.89,2018,10,0,0,0,0,0,0,0,0,0,0,0,0,1
42953.64,2018,11,0,0,0,0,0,0,0,0,0,0,0,0,1
46062.5,2018,12,0,0,0,0,0,0,0,0,0,0,0,0,1
46073.0,2019,1,0,0,0,0,0,0,0,0,0,0,0,0,1
47638.89,2019,2,0,0,0,0,0,0,0,0,0,0,0,0,1
50886.36,2019,3,0,0,0,0,0,0,0,0,0,0,0,0,1
67833.33,2019,4,0,0,0,0,0,0,0,0,0,0,0,0,1
77215.56,2019,5,0,0,0,0,0,0,0,0,0,0,0,0,1
76754.78,2019,6,0,0,0,0,0,0,0,0,0,0,0,0,1
70280.83,2019,7,0,0,0,0,0,0,0,0,0,0,0,0,1
66456.73,2019,8,0,0,0,0,0,0,0,0,0,0,0,0,1
72584.36,2019,9,0,0,0,0,0,0,0,0,0,0,0,0,1
86141.36,2019,10,0,0,0,0,0,0,0,0,0,0,0,0,1
83333.15,2019,11,0,0,0,0,0,0,0,0,0,0,0,0,1
85100.0,2019,12,0,0,0,0,0,0,0,0,0,0,0,0,1
94285.18,2020,1,0,0,0,0,0,0,0,0,0,0,0,0,1
64389.68,2020,2,0,0,0,0,0,0,0,0,0,0,0,0,1
52201.65,2020,3,0,0,0,0,0,0,0,0,0,0,0,0,1
54722.0,2020,4,0,0,0,0,0,0,0,0,0,0,0,0,1
48413.0,2020,5,0,0,0,0,0,0,0,0,0,0,0,0,1
57826.0,2020,6,0,0,0,0,0,0,0,0,0,0,0,0,1
55802.0,2020,7,0,0,0,0,0,0,0,0,0,0,0,0,1
49537.0,2020,8,0,0,0,0,0,0,0,0,0,0,0,0,1
54865.0,2020,9,0,0,0,0,0,0,0,0,0,0,0,0,1
62037.0,2020,10,0,0,0,0,0,0,0,0,0,0,0,0,1
61205.0,2020,11,0,0,0,0,0,0,0,0,0,0,0,0,1
59410.0,2020,12,0,0,0,0,0,0,0,0,0,0,0,0,1
60555.0,2021,1,0,0,0,0,0,0,0,0,0,0,0,0,1
